case_id,product_sku,store,days_to_expiry,quantity,price_before,price_after,discount_pct,price_change_requested,price_change_approved,commercial_action,evidence_complete,financial_value_at_risk,score,forced_high_reasons,expected_risk,ai_risk,ai_explanation
CASE-0001,SKU-9728,Sala 10,33,191,97.58,97.58,0,False,False,NONE,False,18637.78,87,vencimiento <=45 días sin acción comercial,ALTO,ALTO,"Score=87; nivel=ALTO; factores: vencimiento=33d, valor=18637.78, acción=NONE, evidencia=incompleta, cambio_precio=no solicitado, aprobación=no."
CASE-0002,SKU-9858,Sala 5,66,135,108.38,65.03,40,True,True,NONE,False,14631.3,72,,ALTO,ALTO,"Score=72; nivel=ALTO; factores: vencimiento=66d, valor=14631.3, acción=NONE, evidencia=incompleta, cambio_precio=solicitado, aprobación=sí."
CASE-0003,SKU-5394,Sala 10,82,180,59.72,38.82,35,True,True,NONE,True,10749.6,67,,ALTO,ALTO,"Score=67; nivel=ALTO; factores: vencimiento=82d, valor=10749.6, acción=NONE, evidencia=completa, cambio_precio=solicitado, aprobación=sí."
CASE-0004,SKU-9868,Sala 13,90,184,133.19,133.19,0,False,False,APPLIED,True,24506.96,42,,MEDIO,MEDIO,"Score=42; nivel=MEDIO; factores: vencimiento=90d, valor=24506.96, acción=APPLIED, evidencia=completa, cambio_precio=no solicitado, aprobación=no."
CASE-0005,SKU-4301,Sala 4,16,219,179.15,179.15,0,False,False,NONE,True,39233.85,83,vencimiento <=45 días sin acción comercial,ALTO,ALTO,"Score=83; nivel=ALTO; factores: vencimiento=16d, valor=39233.85, acción=NONE, evidencia=completa, cambio_precio=no solicitado, aprobación=no."
CASE-0006,SKU-1066,Sala 3,14,212,125.06,106.3,15,True,False,APPLIED,True,26512.72,88,cambio de precio no aprobado con impacto >=1000,ALTO,ALTO,"Score=88; nivel=ALTO; factores: vencimiento=14d, valor=26512.72, acción=APPLIED, evidencia=completa, cambio_precio=solicitado, aprobación=no."
CASE-0007,SKU-4469,Sala 12,39,163,172.37,172.37,0,False,False,APPLIED,True,28096.31,57,,MEDIO,MEDIO,"Score=57; nivel=MEDIO; factores: vencimiento=39d, valor=28096.31, acción=APPLIED, evidencia=completa, cambio_precio=no solicitado, aprobación=no."
CASE-0008,SKU-6974,Sala 7,35,197,47.12,37.7,20,True,True,APPLIED,True,9282.64,62,,ALTO,ALTO,"Score=62; nivel=ALTO; factores: vencimiento=35d, valor=9282.64, acción=APPLIED, evidencia=completa, cambio_precio=solicitado, aprobación=sí."
CASE-0009,SKU-4111,Sala 14,18,219,164.91,115.44,30,True,True,PENDING_APPROVAL,True,36115.29,83,,ALTO,ALTO,"Score=83; nivel=ALTO; factores: vencimiento=18d, valor=36115.29, acción=PENDING_APPROVAL, evidencia=completa, cambio_precio=solicitado, aprobación=sí."
CASE-0010,SKU-7560,Sala 17,50,196,102.22,102.22,0,False,False,PENDING_APPROVAL,True,20035.12,64,,ALTO,ALTO,"Score=64; nivel=ALTO; factores: vencimiento=50d, valor=20035.12, acción=PENDING_APPROVAL, evidencia=completa, cambio_precio=no solicitado, aprobación=no."
CASE-0011,SKU-8667,Sala 2,29,128,41.23,32.98,20,True,True,APPLIED,False,5277.44,73,vencimiento <=30 días con evidencia incompleta,ALTO,ALTO,"Score=73; nivel=ALTO; factores: vencimiento=29d, valor=5277.44, acción=APPLIED, evidencia=incompleta, cambio_precio=solicitado, aprobación=sí."
CASE-0012,SKU-2608,Sala 8,29,131,163.28,114.3,30,True,False,PENDING_APPROVAL,True,21389.68,99,cambio de precio no aprobado con impacto >=1000,ALTO,ALTO,"Score=99; nivel=ALTO; factores: vencimiento=29d, valor=21389.68, acción=PENDING_APPROVAL, evidencia=completa, cambio_precio=solicitado, aprobación=no."
CASE-0013,SKU-8692,Sala 10,70,15,172.64,172.64,0,False,False,PENDING_APPROVAL,False,2589.6,45,,MEDIO,MEDIO,"Score=45; nivel=MEDIO; factores: vencimiento=70d, valor=2589.6, acción=PENDING_APPROVAL, evidencia=incompleta, cambio_precio=no solicitado, aprobación=no."
CASE-0014,SKU-4387,Sala 4,76,57,69.35,41.61,40,True,False,NONE,False,3952.95,81,cambio de precio no aprobado con impacto >=1000,ALTO,ALTO,"Score=81; nivel=ALTO; factores: vencimiento=76d, valor=3952.95, acción=NONE, evidencia=incompleta, cambio_precio=solicitado, aprobación=no."
CASE-0015,SKU-2320,Sala 13,28,106,131.73,118.56,10,True,False,APPLIED,True,13963.38,76,cambio de precio no aprobado con impacto >=1000,ALTO,ALTO,"Score=76; nivel=ALTO; factores: vencimiento=28d, valor=13963.38, acción=APPLIED, evidencia=completa, cambio_precio=solicitado, aprobación=no."
CASE-0016,SKU-1715,Sala 16,3,102,93.01,93.01,0,False,False,NONE,True,9487.02,85,vencimiento <=45 días sin acción comercial,ALTO,ALTO,"Score=85; nivel=ALTO; factores: vencimiento=3d, valor=9487.02, acción=NONE, evidencia=completa, cambio_precio=no solicitado, aprobación=no."
CASE-0017,SKU-1165,Sala 3,120,192,175.6,175.6,0,False,False,NONE,True,33715.2,55,,MEDIO,MEDIO,"Score=55; nivel=MEDIO; factores: vencimiento=120d, valor=33715.2, acción=NONE, evidencia=completa, cambio_precio=no solicitado, aprobación=no."
CASE-0018,SKU-2161,Sala 10,13,197,44.17,44.17,0,False,False,NONE,False,8701.49,100,vencimiento <=45 días sin acción comercial; vencimiento <=30 días con evidencia incompleta,ALTO,ALTO,"Score=100; nivel=ALTO; factores: vencimiento=13d, valor=8701.49, acción=NONE, evidencia=incompleta, cambio_precio=no solicitado, aprobación=no."
CASE-0019,SKU-8300,Sala 9,65,173,84.97,50.98,40,True,False,PENDING_APPROVAL,True,14699.81,83,cambio de precio no aprobado con impacto >=1000,ALTO,ALTO,"Score=83; nivel=ALTO; factores: vencimiento=65d, valor=14699.81, acción=PENDING_APPROVAL, evidencia=completa, cambio_precio=solicitado, aprobación=no."
CASE-0020,SKU-3594,Sala 18,57,158,172.46,155.21,10,True,True,APPLIED,False,27248.68,64,,ALTO,ALTO,"Score=64; nivel=ALTO; factores: vencimiento=57d, valor=27248.68, acción=APPLIED, evidencia=incompleta, cambio_precio=solicitado, aprobación=sí."
CASE-0021,SKU-3186,Sala 18,9,82,86.05,60.23,30,True,False,APPLIED,True,7056.1,91,cambio de precio no aprobado con impacto >=1000,ALTO,ALTO,"Score=91; nivel=ALTO; factores: vencimiento=9d, valor=7056.1, acción=APPLIED, evidencia=completa, cambio_precio=solicitado, aprobación=no."
CASE-0022,SKU-7647,Sala 17,24,85,153.31,145.64,5,True,True,PENDING_APPROVAL,False,13031.35,88,vencimiento <=30 días con evidencia incompleta,ALTO,ALTO,"Score=88; nivel=ALTO; factores: vencimiento=24d, valor=13031.35, acción=PENDING_APPROVAL, evidencia=incompleta, cambio_precio=solicitado, aprobación=sí."
CASE-0023,SKU-2925,Sala 11,47,149,45.12,45.12,0,False,False,PENDING_APPROVAL,False,6722.88,69,,ALTO,ALTO,"Score=69; nivel=ALTO; factores: vencimiento=47d, valor=6722.88, acción=PENDING_APPROVAL, evidencia=incompleta, cambio_precio=no solicitado, aprobación=no."
CASE-0024,SKU-2479,Sala 2,8,21,176.87,106.12,40,True,True,PENDING_APPROVAL,False,3714.27,78,vencimiento <=30 días con evidencia incompleta,ALTO,ALTO,"Score=78; nivel=ALTO; factores: vencimiento=8d, valor=3714.27, acción=PENDING_APPROVAL, evidencia=incompleta, cambio_precio=solicitado, aprobación=sí."
CASE-0025,SKU-8375,Sala 16,43,37,90.05,90.05,0,False,False,APPLIED,True,3331.85,40,,MEDIO,MEDIO,"Score=40; nivel=MEDIO; factores: vencimiento=43d, valor=3331.85, acción=APPLIED, evidencia=completa, cambio_precio=no solicitado, aprobación=no."
CASE-0026,SKU-6394,Sala 5,106,32,29.87,26.88,10,True,False,NONE,True,955.84,44,,MEDIO,MEDIO,"Score=44; nivel=MEDIO; factores: vencimiento=106d, valor=955.84, acción=NONE, evidencia=completa, cambio_precio=solicitado, aprobación=no."
CASE-0027,SKU-9578,Sala 12,59,182,119.31,77.55,35,True,False,APPLIED,True,21714.42,75,cambio de precio no aprobado con impacto >=1000,ALTO,ALTO,"Score=75; nivel=ALTO; factores: vencimiento=59d, valor=21714.42, acción=APPLIED, evidencia=completa, cambio_precio=solicitado, aprobación=no."
CASE-0028,SKU-4942,Sala 12,52,79,45.51,45.51,0,False,False,PENDING_APPROVAL,True,3595.29,52,,MEDIO,MEDIO,"Score=52; nivel=MEDIO; factores: vencimiento=52d, valor=3595.29, acción=PENDING_APPROVAL, evidencia=completa, cambio_precio=no solicitado, aprobación=no."
CASE-0029,SKU-7906,Sala 1,45,177,60.66,60.66,0,False,False,APPLIED,False,10736.82,67,,ALTO,ALTO,"Score=67; nivel=ALTO; factores: vencimiento=45d, valor=10736.82, acción=APPLIED, evidencia=incompleta, cambio_precio=no solicitado, aprobación=no."
CASE-0030,SKU-8201,Sala 6,46,107,24.37,23.15,5,True,True,APPLIED,True,2607.59,42,,MEDIO,MEDIO,"Score=42; nivel=MEDIO; factores: vencimiento=46d, valor=2607.59, acción=APPLIED, evidencia=completa, cambio_precio=solicitado, aprobación=sí."
CASE-0031,SKU-2839,Sala 4,1,22,118.43,100.67,15,True,True,NONE,True,2605.46,73,vencimiento <=45 días sin acción comercial,ALTO,ALTO,"Score=73; nivel=ALTO; factores: vencimiento=1d, valor=2605.46, acción=NONE, evidencia=completa, cambio_precio=solicitado, aprobación=sí."
CASE-0032,SKU-6761,Sala 3,30,90,124.7,74.82,40,True,True,APPLIED,True,11223.0,63,,ALTO,ALTO,"Score=63; nivel=ALTO; factores: vencimiento=30d, valor=11223.0, acción=APPLIED, evidencia=completa, cambio_precio=solicitado, aprobación=sí."
CASE-0033,SKU-1585,Sala 14,21,209,24.27,24.27,0,False,False,APPLIED,False,5072.43,73,vencimiento <=30 días con evidencia incompleta,ALTO,ALTO,"Score=73; nivel=ALTO; factores: vencimiento=21d, valor=5072.43, acción=APPLIED, evidencia=incompleta, cambio_precio=no solicitado, aprobación=no."
CASE-0034,SKU-3846,Sala 4,89,208,75.72,75.72,0,False,False,PENDING_APPROVAL,True,15749.76,57,,MEDIO,MEDIO,"Score=57; nivel=MEDIO; factores: vencimiento=89d, valor=15749.76, acción=PENDING_APPROVAL, evidencia=completa, cambio_precio=no solicitado, aprobación=no."
CASE-0035,SKU-8562,Sala 17,110,97,162.68,162.68,0,False,False,NONE,True,15779.96,50,,MEDIO,MEDIO,"Score=50; nivel=MEDIO; factores: vencimiento=110d, valor=15779.96, acción=NONE, evidencia=completa, cambio_precio=no solicitado, aprobación=no."
CASE-0036,SKU-2097,Sala 1,49,42,17.78,10.67,40,True,True,NONE,True,746.76,45,,MEDIO,MEDIO,"Score=45; nivel=MEDIO; factores: vencimiento=49d, valor=746.76, acción=NONE, evidencia=completa, cambio_precio=solicitado, aprobación=sí."
CASE-0037,SKU-5693,Sala 16,57,181,165.96,149.36,10,True,True,PENDING_APPROVAL,True,30038.76,69,,ALTO,ALTO,"Score=69; nivel=ALTO; factores: vencimiento=57d, valor=30038.76, acción=PENDING_APPROVAL, evidencia=completa, cambio_precio=solicitado, aprobación=sí."
CASE-0038,SKU-8315,Sala 12,42,190,176.4,176.4,0,False,False,PENDING_APPROVAL,True,33516.0,72,,ALTO,ALTO,"Score=72; nivel=ALTO; factores: vencimiento=42d, valor=33516.0, acción=PENDING_APPROVAL, evidencia=completa, cambio_precio=no solicitado, aprobación=no."
CASE-0039,SKU-3511,Sala 5,16,166,49.75,34.82,30,True,True,APPLIED,True,8258.5,68,,ALTO,ALTO,"Score=68; nivel=ALTO; factores: vencimiento=16d, valor=8258.5, acción=APPLIED, evidencia=completa, cambio_precio=solicitado, aprobación=sí."
CASE-0040,SKU-4466,Sala 8,10,40,145.64,116.51,20,True,True,NONE,False,5825.6,95,vencimiento <=45 días sin acción comercial; vencimiento <=30 días con evidencia incompleta,ALTO,ALTO,"Score=95; nivel=ALTO; factores: vencimiento=10d, valor=5825.6, acción=NONE, evidencia=incompleta, cambio_precio=solicitado, aprobación=sí."
CASE-0041,SKU-4165,Sala 15,58,173,82.1,65.68,20,True,False,NONE,True,14203.3,87,cambio de precio no aprobado con impacto >=1000,ALTO,ALTO,"Score=87; nivel=ALTO; factores: vencimiento=58d, valor=14203.3, acción=NONE, evidencia=completa, cambio_precio=solicitado, aprobación=no."
CASE-0042,SKU-4682,Sala 14,78,16,120.0,120.0,0,False,False,NONE,True,1920.0,34,,MEDIO,MEDIO,"Score=34; nivel=MEDIO; factores: vencimiento=78d, valor=1920.0, acción=NONE, evidencia=completa, cambio_precio=no solicitado, aprobación=no."
CASE-0043,SKU-7143,Sala 14,67,148,31.06,31.06,0,False,False,APPLIED,True,4596.88,30,,MEDIO,BAJO,"Score=30; nivel=BAJO; factores: vencimiento=67d, valor=4596.88, acción=APPLIED, evidencia=completa, cambio_precio=no solicitado, aprobación=no."
CASE-0044,SKU-4424,Sala 1,4,110,29.71,26.74,10,True,True,NONE,True,3268.1,83,vencimiento <=45 días sin acción comercial,ALTO,ALTO,"Score=83; nivel=ALTO; factores: vencimiento=4d, valor=3268.1, acción=NONE, evidencia=completa, cambio_precio=solicitado, aprobación=sí."
CASE-0045,SKU-5731,Sala 15,55,169,10.07,10.07,0,False,False,APPLIED,True,1701.83,36,,MEDIO,MEDIO,"Score=36; nivel=MEDIO; factores: vencimiento=55d, valor=1701.83, acción=APPLIED, evidencia=completa, cambio_precio=no solicitado, aprobación=no."
CASE-0046,SKU-7998,Sala 18,22,95,132.12,132.12,0,False,False,NONE,True,12551.4,78,vencimiento <=45 días sin acción comercial,ALTO,ALTO,"Score=78; nivel=ALTO; factores: vencimiento=22d, valor=12551.4, acción=NONE, evidencia=completa, cambio_precio=no solicitado, aprobación=no."
CASE-0047,SKU-2484,Sala 6,41,186,91.67,55.0,40,True,True,APPLIED,True,17050.62,62,,ALTO,ALTO,"Score=62; nivel=ALTO; factores: vencimiento=41d, valor=17050.62, acción=APPLIED, evidencia=completa, cambio_precio=solicitado, aprobación=sí."
CASE-0048,SKU-3143,Sala 7,11,124,58.84,58.84,0,False,False,PENDING_APPROVAL,True,7296.16,80,,ALTO,ALTO,"Score=80; nivel=ALTO; factores: vencimiento=11d, valor=7296.16, acción=PENDING_APPROVAL, evidencia=completa, cambio_precio=no solicitado, aprobación=no."
CASE-0049,SKU-8660,Sala 9,8,145,19.57,16.63,15,True,True,APPLIED,True,2837.65,63,,ALTO,ALTO,"Score=63; nivel=ALTO; factores: vencimiento=8d, valor=2837.65, acción=APPLIED, evidencia=completa, cambio_precio=solicitado, aprobación=sí."
CASE-0050,SKU-5544,Sala 15,45,23,73.73,55.3,25,True,False,APPLIED,True,1695.79,47,cambio de precio no aprobado con impacto >=1000,ALTO,ALTO,"Score=47; nivel=ALTO; factores: vencimiento=45d, valor=1695.79, acción=APPLIED, evidencia=completa, cambio_precio=solicitado, aprobación=no."
CASE-0051,SKU-1161,Sala 18,100,168,35.17,35.17,0,False,False,PENDING_APPROVAL,False,5908.56,60,,ALTO,MEDIO,"Score=60; nivel=MEDIO; factores: vencimiento=100d, valor=5908.56, acción=PENDING_APPROVAL, evidencia=incompleta, cambio_precio=no solicitado, aprobación=no."
CASE-0052,SKU-2634,Sala 1,55,41,82.37,82.37,0,False,False,PENDING_APPROVAL,False,3377.17,57,,MEDIO,MEDIO,"Score=57; nivel=MEDIO; factores: vencimiento=55d, valor=3377.17, acción=PENDING_APPROVAL, evidencia=incompleta, cambio_precio=no solicitado, aprobación=no."
CASE-0053,SKU-8416,Sala 6,90,68,164.05,155.85,5,True,True,APPLIED,True,11155.4,37,,MEDIO,MEDIO,"Score=37; nivel=MEDIO; factores: vencimiento=90d, valor=11155.4, acción=APPLIED, evidencia=completa, cambio_precio=solicitado, aprobación=sí."
CASE-0054,SKU-5212,Sala 2,84,44,149.79,149.79,0,False,False,NONE,True,6590.76,52,,MEDIO,MEDIO,"Score=52; nivel=MEDIO; factores: vencimiento=84d, valor=6590.76, acción=NONE, evidencia=completa, cambio_precio=no solicitado, aprobación=no."
CASE-0055,SKU-4613,Sala 17,17,174,12.84,7.7,40,True,True,APPLIED,False,2234.16,65,vencimiento <=30 días con evidencia incompleta,ALTO,ALTO,"Score=65; nivel=ALTO; factores: vencimiento=17d, valor=2234.16, acción=APPLIED, evidencia=incompleta, cambio_precio=solicitado, aprobación=sí."
CASE-0056,SKU-3322,Sala 6,58,191,101.13,75.85,25,True,True,NONE,True,19315.83,74,,ALTO,ALTO,"Score=74; nivel=ALTO; factores: vencimiento=58d, valor=19315.83, acción=NONE, evidencia=completa, cambio_precio=solicitado, aprobación=sí."
CASE-0057,SKU-6320,Sala 4,51,93,109.24,87.39,20,True,True,NONE,False,10159.32,79,,ALTO,ALTO,"Score=79; nivel=ALTO; factores: vencimiento=51d, valor=10159.32, acción=NONE, evidencia=incompleta, cambio_precio=solicitado, aprobación=sí."
CASE-0058,SKU-9091,Sala 5,111,104,40.76,34.65,15,True,False,APPLIED,True,4239.04,41,cambio de precio no aprobado con impacto >=1000,ALTO,ALTO,"Score=41; nivel=ALTO; factores: vencimiento=111d, valor=4239.04, acción=APPLIED, evidencia=completa, cambio_precio=solicitado, aprobación=no."
CASE-0059,SKU-7072,Sala 7,5,189,127.33,101.86,20,True,True,PENDING_APPROVAL,True,24065.37,90,,ALTO,ALTO,"Score=90; nivel=ALTO; factores: vencimiento=5d, valor=24065.37, acción=PENDING_APPROVAL, evidencia=completa, cambio_precio=solicitado, aprobación=sí."
CASE-0060,SKU-6220,Sala 6,48,85,121.35,97.08,20,True,True,PENDING_APPROVAL,True,10314.75,64,,ALTO,ALTO,"Score=64; nivel=ALTO; factores: vencimiento=48d, valor=10314.75, acción=PENDING_APPROVAL, evidencia=completa, cambio_precio=solicitado, aprobación=sí."
CASE-0061,SKU-9749,Sala 10,6,78,41.81,39.72,5,True,True,NONE,True,3261.18,83,vencimiento <=45 días sin acción comercial,ALTO,ALTO,"Score=83; nivel=ALTO; factores: vencimiento=6d, valor=3261.18, acción=NONE, evidencia=completa, cambio_precio=solicitado, aprobación=sí."
CASE-0062,SKU-7051,Sala 11,23,172,15.0,9.0,40,True,True,APPLIED,True,2580.0,61,,ALTO,ALTO,"Score=61; nivel=ALTO; factores: vencimiento=23d, valor=2580.0, acción=APPLIED, evidencia=completa, cambio_precio=solicitado, aprobación=sí."
CASE-0063,SKU-7657,Sala 3,104,201,79.38,79.38,0,False,False,APPLIED,True,15955.38,35,,MEDIO,MEDIO,"Score=35; nivel=MEDIO; factores: vencimiento=104d, valor=15955.38, acción=APPLIED, evidencia=completa, cambio_precio=no solicitado, aprobación=no."
CASE-0064,SKU-8467,Sala 11,49,22,135.19,121.67,10,True,False,NONE,False,2974.18,75,cambio de precio no aprobado con impacto >=1000,ALTO,ALTO,"Score=75; nivel=ALTO; factores: vencimiento=49d, valor=2974.18, acción=NONE, evidencia=incompleta, cambio_precio=solicitado, aprobación=no."
CASE-0065,SKU-2692,Sala 7,27,67,57.56,34.54,40,True,False,NONE,True,3856.52,92,vencimiento <=45 días sin acción comercial; cambio de precio no aprobado con impacto >=1000,ALTO,ALTO,"Score=92; nivel=ALTO; factores: vencimiento=27d, valor=3856.52, acción=NONE, evidencia=completa, cambio_precio=solicitado, aprobación=no."
CASE-0066,SKU-2683,Sala 12,66,160,74.02,48.11,35,True,False,APPLIED,True,11843.2,68,cambio de precio no aprobado con impacto >=1000,ALTO,ALTO,"Score=68; nivel=ALTO; factores: vencimiento=66d, valor=11843.2, acción=APPLIED, evidencia=completa, cambio_precio=solicitado, aprobación=no."
CASE-0067,SKU-4932,Sala 1,5,120,12.16,7.9,35,True,False,PENDING_APPROVAL,False,1459.2,100,cambio de precio no aprobado con impacto >=1000; vencimiento <=30 días con evidencia incompleta,ALTO,ALTO,"Score=100; nivel=ALTO; factores: vencimiento=5d, valor=1459.2, acción=PENDING_APPROVAL, evidencia=incompleta, cambio_precio=solicitado, aprobación=no."
CASE-0068,SKU-1711,Sala 16,49,114,104.43,67.88,35,True,True,APPLIED,False,11905.02,59,,MEDIO,MEDIO,"Score=59; nivel=MEDIO; factores: vencimiento=49d, valor=11905.02, acción=APPLIED, evidencia=incompleta, cambio_precio=solicitado, aprobación=sí."
CASE-0069,SKU-6398,Sala 3,80,31,150.94,143.39,5,True,False,APPLIED,True,4679.14,43,cambio de precio no aprobado con impacto >=1000,ALTO,ALTO,"Score=43; nivel=ALTO; factores: vencimiento=80d, valor=4679.14, acción=APPLIED, evidencia=completa, cambio_precio=solicitado, aprobación=no."
CASE-0070,SKU-9760,Sala 3,1,35,103.34,98.17,5,True,True,PENDING_APPROVAL,True,3616.9,73,,ALTO,ALTO,"Score=73; nivel=ALTO; factores: vencimiento=1d, valor=3616.9, acción=PENDING_APPROVAL, evidencia=completa, cambio_precio=solicitado, aprobación=sí."
CASE-0071,SKU-5224,Sala 18,37,39,31.86,31.86,0,False,False,APPLIED,False,1242.54,44,,MEDIO,MEDIO,"Score=44; nivel=MEDIO; factores: vencimiento=37d, valor=1242.54, acción=APPLIED, evidencia=incompleta, cambio_precio=no solicitado, aprobación=no."
CASE-0072,SKU-8680,Sala 9,15,156,170.94,162.39,5,True,True,NONE,True,26666.64,95,vencimiento <=45 días sin acción comercial,ALTO,ALTO,"Score=95; nivel=ALTO; factores: vencimiento=15d, valor=26666.64, acción=NONE, evidencia=completa, cambio_precio=solicitado, aprobación=sí."
CASE-0073,SKU-5685,Sala 17,96,129,157.14,117.85,25,True,True,PENDING_APPROVAL,True,20271.06,50,,MEDIO,MEDIO,"Score=50; nivel=MEDIO; factores: vencimiento=96d, valor=20271.06, acción=PENDING_APPROVAL, evidencia=completa, cambio_precio=solicitado, aprobación=sí."
CASE-0074,SKU-4091,Sala 6,102,187,34.12,32.41,5,True,True,APPLIED,True,6380.44,40,,MEDIO,MEDIO,"Score=40; nivel=MEDIO; factores: vencimiento=102d, valor=6380.44, acción=APPLIED, evidencia=completa, cambio_precio=solicitado, aprobación=sí."
CASE-0075,SKU-4752,Sala 6,26,41,130.14,78.08,40,True,True,NONE,True,5335.74,78,vencimiento <=45 días sin acción comercial,ALTO,ALTO,"Score=78; nivel=ALTO; factores: vencimiento=26d, valor=5335.74, acción=NONE, evidencia=completa, cambio_precio=solicitado, aprobación=sí."
CASE-0076,SKU-1814,Sala 1,102,131,125.3,81.45,35,True,True,NONE,True,16414.3,55,,MEDIO,MEDIO,"Score=55; nivel=MEDIO; factores: vencimiento=102d, valor=16414.3, acción=NONE, evidencia=completa, cambio_precio=solicitado, aprobación=sí."
CASE-0077,SKU-2165,Sala 2,59,174,77.4,54.18,30,True,False,PENDING_APPROVAL,True,13467.6,90,cambio de precio no aprobado con impacto >=1000,ALTO,ALTO,"Score=90; nivel=ALTO; factores: vencimiento=59d, valor=13467.6, acción=PENDING_APPROVAL, evidencia=completa, cambio_precio=solicitado, aprobación=no."
CASE-0078,SKU-1533,Sala 15,27,118,123.39,123.39,0,False,False,APPLIED,True,14560.02,58,,MEDIO,ALTO,"Score=58; nivel=ALTO; factores: vencimiento=27d, valor=14560.02, acción=APPLIED, evidencia=completa, cambio_precio=no solicitado, aprobación=no."
CASE-0079,SKU-6420,Sala 12,9,215,166.62,166.62,0,False,False,PENDING_APPROVAL,True,35823.3,85,,ALTO,ALTO,"Score=85; nivel=ALTO; factores: vencimiento=9d, valor=35823.3, acción=PENDING_APPROVAL, evidencia=completa, cambio_precio=no solicitado, aprobación=no."
CASE-0080,SKU-9075,Sala 18,37,47,152.01,152.01,0,False,False,NONE,True,7144.47,67,vencimiento <=45 días sin acción comercial,ALTO,ALTO,"Score=67; nivel=ALTO; factores: vencimiento=37d, valor=7144.47, acción=NONE, evidencia=completa, cambio_precio=no solicitado, aprobación=no."
CASE-0081,SKU-2558,Sala 2,16,190,122.53,122.53,0,False,False,APPLIED,False,23280.7,73,vencimiento <=30 días con evidencia incompleta,ALTO,ALTO,"Score=73; nivel=ALTO; factores: vencimiento=16d, valor=23280.7, acción=APPLIED, evidencia=incompleta, cambio_precio=no solicitado, aprobación=no."
CASE-0082,SKU-3626,Sala 14,43,140,35.35,33.58,5,True,True,PENDING_APPROVAL,True,4949.0,65,,ALTO,ALTO,"Score=65; nivel=ALTO; factores: vencimiento=43d, valor=4949.0, acción=PENDING_APPROVAL, evidencia=completa, cambio_precio=solicitado, aprobación=sí."
CASE-0083,SKU-2348,Sala 1,55,136,132.14,132.14,0,False,False,PENDING_APPROVAL,True,17971.04,59,,MEDIO,MEDIO,"Score=59; nivel=MEDIO; factores: vencimiento=55d, valor=17971.04, acción=PENDING_APPROVAL, evidencia=completa, cambio_precio=no solicitado, aprobación=no."
CASE-0084,SKU-6261,Sala 8,30,91,102.65,66.72,35,True,True,PENDING_APPROVAL,False,9341.15,88,vencimiento <=30 días con evidencia incompleta,ALTO,ALTO,"Score=88; nivel=ALTO; factores: vencimiento=30d, valor=9341.15, acción=PENDING_APPROVAL, evidencia=incompleta, cambio_precio=solicitado, aprobación=sí."
CASE-0085,SKU-9472,Sala 11,16,131,141.49,141.49,0,False,False,PENDING_APPROVAL,True,18535.19,73,,ALTO,ALTO,"Score=73; nivel=ALTO; factores: vencimiento=16d, valor=18535.19, acción=PENDING_APPROVAL, evidencia=completa, cambio_precio=no solicitado, aprobación=no."
CASE-0086,SKU-2820,Sala 14,114,160,23.83,23.83,0,False,False,APPLIED,True,3812.8,28,,BAJO,BAJO,"Score=28; nivel=BAJO; factores: vencimiento=114d, valor=3812.8, acción=APPLIED, evidencia=completa, cambio_precio=no solicitado, aprobación=no."
CASE-0087,SKU-5238,Sala 7,53,216,97.01,92.16,5,True,True,APPLIED,True,20954.16,54,,MEDIO,MEDIO,"Score=54; nivel=MEDIO; factores: vencimiento=53d, valor=20954.16, acción=APPLIED, evidencia=completa, cambio_precio=solicitado, aprobación=sí."
CASE-0088,SKU-2573,Sala 8,45,96,175.64,175.64,0,False,False,APPLIED,True,16861.44,52,,MEDIO,MEDIO,"Score=52; nivel=MEDIO; factores: vencimiento=45d, valor=16861.44, acción=APPLIED, evidencia=completa, cambio_precio=no solicitado, aprobación=no."
CASE-0089,SKU-8268,Sala 8,58,15,150.88,143.34,5,True,True,PENDING_APPROVAL,True,2263.2,41,,MEDIO,MEDIO,"Score=41; nivel=MEDIO; factores: vencimiento=58d, valor=2263.2, acción=PENDING_APPROVAL, evidencia=completa, cambio_precio=solicitado, aprobación=sí."
CASE-0090,SKU-5949,Sala 13,91,163,175.27,131.45,25,True,True,NONE,False,28569.01,70,,ALTO,ALTO,"Score=70; nivel=ALTO; factores: vencimiento=91d, valor=28569.01, acción=NONE, evidencia=incompleta, cambio_precio=solicitado, aprobación=sí."
CASE-0091,SKU-7970,Sala 13,21,8,179.21,179.21,0,False,False,NONE,False,1433.68,65,vencimiento <=45 días sin acción comercial; vencimiento <=30 días con evidencia incompleta,ALTO,ALTO,"Score=65; nivel=ALTO; factores: vencimiento=21d, valor=1433.68, acción=NONE, evidencia=incompleta, cambio_precio=no solicitado, aprobación=no."
CASE-0092,SKU-6741,Sala 2,8,44,96.25,67.38,30,True,True,PENDING_APPROVAL,False,4235.0,83,vencimiento <=30 días con evidencia incompleta,ALTO,ALTO,"Score=83; nivel=ALTO; factores: vencimiento=8d, valor=4235.0, acción=PENDING_APPROVAL, evidencia=incompleta, cambio_precio=solicitado, aprobación=sí."
CASE-0093,SKU-6242,Sala 14,12,183,146.25,87.75,40,True,True,NONE,True,26763.75,95,vencimiento <=45 días sin acción comercial,ALTO,ALTO,"Score=95; nivel=ALTO; factores: vencimiento=12d, valor=26763.75, acción=NONE, evidencia=completa, cambio_precio=solicitado, aprobación=sí."
CASE-0094,SKU-4564,Sala 9,53,185,24.06,24.06,0,False,False,APPLIED,False,4451.1,52,,MEDIO,MEDIO,"Score=52; nivel=MEDIO; factores: vencimiento=53d, valor=4451.1, acción=APPLIED, evidencia=incompleta, cambio_precio=no solicitado, aprobación=no."
CASE-0095,SKU-2448,Sala 4,33,96,111.47,78.03,30,True,True,APPLIED,True,10701.12,57,,MEDIO,MEDIO,"Score=57; nivel=MEDIO; factores: vencimiento=33d, valor=10701.12, acción=APPLIED, evidencia=completa, cambio_precio=solicitado, aprobación=sí."
CASE-0096,SKU-8563,Sala 16,54,156,86.56,77.9,10,True,True,APPLIED,True,13503.36,54,,MEDIO,MEDIO,"Score=54; nivel=MEDIO; factores: vencimiento=54d, valor=13503.36, acción=APPLIED, evidencia=completa, cambio_precio=solicitado, aprobación=sí."
CASE-0097,SKU-7649,Sala 8,20,169,176.08,140.86,20,True,True,PENDING_APPROVAL,True,29757.52,83,,ALTO,ALTO,"Score=83; nivel=ALTO; factores: vencimiento=20d, valor=29757.52, acción=PENDING_APPROVAL, evidencia=completa, cambio_precio=solicitado, aprobación=sí."
CASE-0098,SKU-4758,Sala 1,106,170,8.47,7.2,15,True,True,NONE,True,1439.9,47,,MEDIO,MEDIO,"Score=47; nivel=MEDIO; factores: vencimiento=106d, valor=1439.9, acción=NONE, evidencia=completa, cambio_precio=solicitado, aprobación=sí."
CASE-0099,SKU-2489,Sala 12,40,95,74.73,59.78,20,True,False,PENDING_APPROVAL,True,7099.35,85,cambio de precio no aprobado con impacto >=1000,ALTO,ALTO,"Score=85; nivel=ALTO; factores: vencimiento=40d, valor=7099.35, acción=PENDING_APPROVAL, evidencia=completa, cambio_precio=solicitado, aprobación=no."
CASE-0100,SKU-5390,Sala 17,58,42,139.16,104.37,25,True,False,APPLIED,True,5844.72,57,cambio de precio no aprobado con impacto >=1000,ALTO,ALTO,"Score=57; nivel=ALTO; factores: vencimiento=58d, valor=5844.72, acción=APPLIED, evidencia=completa, cambio_precio=solicitado, aprobación=no."
CASE-0101,SKU-5879,Sala 5,7,43,112.82,95.9,15,True,True,NONE,True,4851.26,78,vencimiento <=45 días sin acción comercial,ALTO,ALTO,"Score=78; nivel=ALTO; factores: vencimiento=7d, valor=4851.26, acción=NONE, evidencia=completa, cambio_precio=solicitado, aprobación=sí."
CASE-0102,SKU-2787,Sala 10,18,39,17.38,13.04,25,True,True,PENDING_APPROVAL,True,677.82,54,,MEDIO,MEDIO,"Score=54; nivel=MEDIO; factores: vencimiento=18d, valor=677.82, acción=PENDING_APPROVAL, evidencia=completa, cambio_precio=solicitado, aprobación=sí."
CASE-0103,SKU-3119,Sala 16,40,177,134.83,101.12,25,True,False,PENDING_APPROVAL,True,23864.91,90,cambio de precio no aprobado con impacto >=1000,ALTO,ALTO,"Score=90; nivel=ALTO; factores: vencimiento=40d, valor=23864.91, acción=PENDING_APPROVAL, evidencia=completa, cambio_precio=solicitado, aprobación=no."
CASE-0104,SKU-8779,Sala 11,49,180,89.45,89.45,0,False,False,APPLIED,True,16101.0,49,,MEDIO,MEDIO,"Score=49; nivel=MEDIO; factores: vencimiento=49d, valor=16101.0, acción=APPLIED, evidencia=completa, cambio_precio=no solicitado, aprobación=no."
CASE-0105,SKU-3254,Sala 6,104,113,162.35,162.35,0,False,False,APPLIED,True,18345.55,30,,MEDIO,MEDIO,"Score=30; nivel=MEDIO; factores: vencimiento=104d, valor=18345.55, acción=APPLIED, evidencia=completa, cambio_precio=no solicitado, aprobación=no."
CASE-0106,SKU-6313,Sala 18,42,73,140.36,140.36,0,False,False,PENDING_APPROVAL,True,10246.28,62,,ALTO,ALTO,"Score=62; nivel=ALTO; factores: vencimiento=42d, valor=10246.28, acción=PENDING_APPROVAL, evidencia=completa, cambio_precio=no solicitado, aprobación=no."
CASE-0107,SKU-9167,Sala 17,40,208,54.36,54.36,0,False,False,PENDING_APPROVAL,False,11306.88,82,,ALTO,ALTO,"Score=82; nivel=ALTO; factores: vencimiento=40d, valor=11306.88, acción=PENDING_APPROVAL, evidencia=incompleta, cambio_precio=no solicitado, aprobación=no."
CASE-0108,SKU-5790,Sala 8,28,129,142.11,127.9,10,True,False,PENDING_APPROVAL,True,18332.19,91,cambio de precio no aprobado con impacto >=1000,ALTO,ALTO,"Score=91; nivel=ALTO; factores: vencimiento=28d, valor=18332.19, acción=PENDING_APPROVAL, evidencia=completa, cambio_precio=solicitado, aprobación=no."
CASE-0109,SKU-6609,Sala 17,32,216,123.82,123.82,0,False,False,PENDING_APPROVAL,True,26745.12,72,,ALTO,ALTO,"Score=72; nivel=ALTO; factores: vencimiento=32d, valor=26745.12, acción=PENDING_APPROVAL, evidencia=completa, cambio_precio=no solicitado, aprobación=no."
CASE-0110,SKU-8334,Sala 14,1,165,129.81,77.89,40,True,False,PENDING_APPROVAL,True,21418.65,100,cambio de precio no aprobado con impacto >=1000,ALTO,ALTO,"Score=100; nivel=ALTO; factores: vencimiento=1d, valor=21418.65, acción=PENDING_APPROVAL, evidencia=completa, cambio_precio=solicitado, aprobación=no."
CASE-0111,SKU-3309,Sala 13,101,172,177.23,177.23,0,False,False,NONE,True,30483.56,55,,MEDIO,MEDIO,"Score=55; nivel=MEDIO; factores: vencimiento=101d, valor=30483.56, acción=NONE, evidencia=completa, cambio_precio=no solicitado, aprobación=no."
CASE-0112,SKU-5271,Sala 5,15,3,92.78,92.78,0,False,False,NONE,True,278.34,50,vencimiento <=45 días sin acción comercial,ALTO,ALTO,"Score=50; nivel=ALTO; factores: vencimiento=15d, valor=278.34, acción=NONE, evidencia=completa, cambio_precio=no solicitado, aprobación=no."
CASE-0113,SKU-5428,Sala 16,42,197,139.91,90.94,35,True,True,PENDING_APPROVAL,True,27562.27,77,,ALTO,ALTO,"Score=77; nivel=ALTO; factores: vencimiento=42d, valor=27562.27, acción=PENDING_APPROVAL, evidencia=completa, cambio_precio=solicitado, aprobación=sí."
CASE-0114,SKU-2961,Sala 7,35,74,80.98,80.98,0,False,False,NONE,True,5992.52,67,vencimiento <=45 días sin acción comercial,ALTO,ALTO,"Score=67; nivel=ALTO; factores: vencimiento=35d, valor=5992.52, acción=NONE, evidencia=completa, cambio_precio=no solicitado, aprobación=no."
CASE-0115,SKU-3894,Sala 8,20,35,127.55,127.55,0,False,False,PENDING_APPROVAL,True,4464.25,61,,ALTO,ALTO,"Score=61; nivel=ALTO; factores: vencimiento=20d, valor=4464.25, acción=PENDING_APPROVAL, evidencia=completa, cambio_precio=no solicitado, aprobación=no."
CASE-0116,SKU-8869,Sala 11,15,152,157.93,157.93,0,False,False,PENDING_APPROVAL,True,24005.36,85,,ALTO,ALTO,"Score=85; nivel=ALTO; factores: vencimiento=15d, valor=24005.36, acción=PENDING_APPROVAL, evidencia=completa, cambio_precio=no solicitado, aprobación=no."
CASE-0117,SKU-1221,Sala 13,49,123,112.23,72.95,35,True,True,PENDING_APPROVAL,True,13804.29,64,,ALTO,ALTO,"Score=64; nivel=ALTO; factores: vencimiento=49d, valor=13804.29, acción=PENDING_APPROVAL, evidencia=completa, cambio_precio=solicitado, aprobación=sí."
CASE-0118,SKU-2484,Sala 16,60,56,11.16,7.81,30,True,True,APPLIED,True,624.96,25,,BAJO,BAJO,"Score=25; nivel=BAJO; factores: vencimiento=60d, valor=624.96, acción=APPLIED, evidencia=completa, cambio_precio=solicitado, aprobación=sí."
CASE-0119,SKU-7014,Sala 9,49,67,92.44,55.46,40,True,True,PENDING_APPROVAL,True,6193.48,59,,MEDIO,MEDIO,"Score=59; nivel=MEDIO; factores: vencimiento=49d, valor=6193.48, acción=PENDING_APPROVAL, evidencia=completa, cambio_precio=solicitado, aprobación=sí."
CASE-0120,SKU-2284,Sala 16,42,122,88.75,71.0,20,True,False,PENDING_APPROVAL,False,10827.5,95,cambio de precio no aprobado con impacto >=1000,ALTO,ALTO,"Score=95; nivel=ALTO; factores: vencimiento=42d, valor=10827.5, acción=PENDING_APPROVAL, evidencia=incompleta, cambio_precio=solicitado, aprobación=no."
CASE-0121,SKU-1354,Sala 1,17,55,15.71,9.43,40,True,True,APPLIED,False,864.05,49,vencimiento <=30 días con evidencia incompleta,ALTO,ALTO,"Score=49; nivel=ALTO; factores: vencimiento=17d, valor=864.05, acción=APPLIED, evidencia=incompleta, cambio_precio=solicitado, aprobación=sí."
CASE-0122,SKU-6149,Sala 18,50,210,106.75,106.75,0,False,False,PENDING_APPROVAL,True,22417.5,64,,ALTO,ALTO,"Score=64; nivel=ALTO; factores: vencimiento=50d, valor=22417.5, acción=PENDING_APPROVAL, evidencia=completa, cambio_precio=no solicitado, aprobación=no."
CASE-0123,SKU-4724,Sala 18,83,22,25.4,20.32,20,True,True,NONE,True,558.8,33,,MEDIO,MEDIO,"Score=33; nivel=MEDIO; factores: vencimiento=83d, valor=558.8, acción=NONE, evidencia=completa, cambio_precio=solicitado, aprobación=sí."
CASE-0124,SKU-9064,Sala 18,60,205,26.5,25.17,5,True,True,PENDING_APPROVAL,True,5432.5,69,,ALTO,ALTO,"Score=69; nivel=ALTO; factores: vencimiento=60d, valor=5432.5, acción=PENDING_APPROVAL, evidencia=completa, cambio_precio=solicitado, aprobación=sí."
CASE-0125,SKU-7311,Sala 11,60,177,142.82,85.69,40,True,True,PENDING_APPROVAL,True,25279.14,69,,ALTO,ALTO,"Score=69; nivel=ALTO; factores: vencimiento=60d, valor=25279.14, acción=PENDING_APPROVAL, evidencia=completa, cambio_precio=solicitado, aprobación=sí."
CASE-0126,SKU-6291,Sala 1,55,176,39.32,35.39,10,True,True,APPLIED,True,6920.32,54,,MEDIO,MEDIO,"Score=54; nivel=MEDIO; factores: vencimiento=55d, valor=6920.32, acción=APPLIED, evidencia=completa, cambio_precio=solicitado, aprobación=sí."
CASE-0127,SKU-8617,Sala 8,93,22,157.45,102.34,35,True,True,NONE,False,3463.9,48,,MEDIO,MEDIO,"Score=48; nivel=MEDIO; factores: vencimiento=93d, valor=3463.9, acción=NONE, evidencia=incompleta, cambio_precio=solicitado, aprobación=sí."
CASE-0128,SKU-4872,Sala 9,8,220,152.84,152.84,0,False,False,APPLIED,True,33624.8,70,,ALTO,ALTO,"Score=70; nivel=ALTO; factores: vencimiento=8d, valor=33624.8, acción=APPLIED, evidencia=completa, cambio_precio=no solicitado, aprobación=no."
CASE-0129,SKU-2600,Sala 16,54,176,143.13,143.13,0,False,False,NONE,True,25190.88,69,,ALTO,ALTO,"Score=69; nivel=ALTO; factores: vencimiento=54d, valor=25190.88, acción=NONE, evidencia=completa, cambio_precio=no solicitado, aprobación=no."
CASE-0130,SKU-9075,Sala 4,39,104,34.06,23.84,30,True,False,PENDING_APPROVAL,True,3542.24,86,cambio de precio no aprobado con impacto >=1000,ALTO,ALTO,"Score=86; nivel=ALTO; factores: vencimiento=39d, valor=3542.24, acción=PENDING_APPROVAL, evidencia=completa, cambio_precio=solicitado, aprobación=no."
CASE-0131,SKU-5085,Sala 16,17,11,66.21,66.21,0,False,False,NONE,True,728.31,49,vencimiento <=45 días sin acción comercial,ALTO,ALTO,"Score=49; nivel=ALTO; factores: vencimiento=17d, valor=728.31, acción=NONE, evidencia=completa, cambio_precio=no solicitado, aprobación=no."
CASE-0132,SKU-7256,Sala 12,17,187,110.98,105.43,5,True,False,PENDING_APPROVAL,True,20753.26,96,cambio de precio no aprobado con impacto >=1000,ALTO,ALTO,"Score=96; nivel=ALTO; factores: vencimiento=17d, valor=20753.26, acción=PENDING_APPROVAL, evidencia=completa, cambio_precio=solicitado, aprobación=no."
CASE-0133,SKU-3506,Sala 18,25,133,17.39,11.3,35,True,False,NONE,True,2312.87,91,vencimiento <=45 días sin acción comercial; cambio de precio no aprobado con impacto >=1000,ALTO,ALTO,"Score=91; nivel=ALTO; factores: vencimiento=25d, valor=2312.87, acción=NONE, evidencia=completa, cambio_precio=solicitado, aprobación=no."
CASE-0134,SKU-4013,Sala 16,49,50,169.91,110.44,35,True,False,PENDING_APPROVAL,False,8495.5,90,cambio de precio no aprobado con impacto >=1000,ALTO,ALTO,"Score=90; nivel=ALTO; factores: vencimiento=49d, valor=8495.5, acción=PENDING_APPROVAL, evidencia=incompleta, cambio_precio=solicitado, aprobación=no."
CASE-0135,SKU-4558,Sala 10,35,77,81.76,81.76,0,False,False,NONE,True,6295.52,72,vencimiento <=45 días sin acción comercial,ALTO,ALTO,"Score=72; nivel=ALTO; factores: vencimiento=35d, valor=6295.52, acción=NONE, evidencia=completa, cambio_precio=no solicitado, aprobación=no."
CASE-0136,SKU-6112,Sala 2,33,29,123.86,123.86,0,False,False,PENDING_APPROVAL,True,3591.94,55,,MEDIO,MEDIO,"Score=55; nivel=MEDIO; factores: vencimiento=33d, valor=3591.94, acción=PENDING_APPROVAL, evidencia=completa, cambio_precio=no solicitado, aprobación=no."
CASE-0137,SKU-1190,Sala 17,16,41,171.59,128.69,25,True,True,NONE,True,7035.19,78,vencimiento <=45 días sin acción comercial,ALTO,ALTO,"Score=78; nivel=ALTO; factores: vencimiento=16d, valor=7035.19, acción=NONE, evidencia=completa, cambio_precio=solicitado, aprobación=sí."
CASE-0138,SKU-8221,Sala 3,39,199,100.86,70.6,30,True,True,PENDING_APPROVAL,True,20071.14,77,,ALTO,ALTO,"Score=77; nivel=ALTO; factores: vencimiento=39d, valor=20071.14, acción=PENDING_APPROVAL, evidencia=completa, cambio_precio=solicitado, aprobación=sí."
CASE-0139,SKU-6677,Sala 1,2,218,49.85,49.85,0,False,False,NONE,True,10867.3,90,vencimiento <=45 días sin acción comercial,ALTO,ALTO,"Score=90; nivel=ALTO; factores: vencimiento=2d, valor=10867.3, acción=NONE, evidencia=completa, cambio_precio=no solicitado, aprobación=no."
CASE-0140,SKU-2861,Sala 3,19,169,42.99,36.54,15,True,True,APPLIED,True,7265.31,68,,ALTO,ALTO,"Score=68; nivel=ALTO; factores: vencimiento=19d, valor=7265.31, acción=APPLIED, evidencia=completa, cambio_precio=solicitado, aprobación=sí."
CASE-0141,SKU-3202,Sala 16,118,67,131.25,131.25,0,False,False,NONE,True,8793.75,45,,MEDIO,MEDIO,"Score=45; nivel=MEDIO; factores: vencimiento=118d, valor=8793.75, acción=NONE, evidencia=completa, cambio_precio=no solicitado, aprobación=no."
CASE-0142,SKU-1247,Sala 4,3,15,12.52,7.51,40,True,True,APPLIED,True,187.8,35,,MEDIO,MEDIO,"Score=35; nivel=MEDIO; factores: vencimiento=3d, valor=187.8, acción=APPLIED, evidencia=completa, cambio_precio=solicitado, aprobación=sí."
CASE-0143,SKU-3831,Sala 3,55,14,96.57,96.57,0,False,False,PENDING_APPROVAL,True,1351.98,36,,MEDIO,MEDIO,"Score=36; nivel=MEDIO; factores: vencimiento=55d, valor=1351.98, acción=PENDING_APPROVAL, evidencia=completa, cambio_precio=no solicitado, aprobación=no."
CASE-0144,SKU-1167,Sala 1,51,101,93.24,93.24,0,False,False,NONE,True,9417.24,64,,ALTO,ALTO,"Score=64; nivel=ALTO; factores: vencimiento=51d, valor=9417.24, acción=NONE, evidencia=completa, cambio_precio=no solicitado, aprobación=no."
CASE-0145,SKU-3537,Sala 10,44,190,70.53,70.53,0,False,False,PENDING_APPROVAL,True,13400.7,72,,ALTO,ALTO,"Score=72; nivel=ALTO; factores: vencimiento=44d, valor=13400.7, acción=PENDING_APPROVAL, evidencia=completa, cambio_precio=no solicitado, aprobación=no."
CASE-0146,SKU-2915,Sala 17,16,50,34.95,29.71,15,True,True,APPLIED,True,1747.5,45,,MEDIO,MEDIO,"Score=45; nivel=MEDIO; factores: vencimiento=16d, valor=1747.5, acción=APPLIED, evidencia=completa, cambio_precio=solicitado, aprobación=sí."
CASE-0147,SKU-8808,Sala 2,40,100,20.4,20.4,0,False,False,APPLIED,True,2040.0,39,,MEDIO,MEDIO,"Score=39; nivel=MEDIO; factores: vencimiento=40d, valor=2040.0, acción=APPLIED, evidencia=completa, cambio_precio=no solicitado, aprobación=no."
CASE-0148,SKU-1808,Sala 18,96,111,157.34,125.87,20,True,True,PENDING_APPROVAL,True,17464.74,50,,MEDIO,MEDIO,"Score=50; nivel=MEDIO; factores: vencimiento=96d, valor=17464.74, acción=PENDING_APPROVAL, evidencia=completa, cambio_precio=solicitado, aprobación=sí."
CASE-0149,SKU-1347,Sala 5,59,220,62.6,43.82,30,True,True,APPLIED,True,13772.0,54,,MEDIO,MEDIO,"Score=54; nivel=MEDIO; factores: vencimiento=59d, valor=13772.0, acción=APPLIED, evidencia=completa, cambio_precio=solicitado, aprobación=sí."
CASE-0150,SKU-5333,Sala 4,107,102,163.97,147.57,10,True,False,PENDING_APPROVAL,True,16724.94,63,cambio de precio no aprobado con impacto >=1000,ALTO,ALTO,"Score=63; nivel=ALTO; factores: vencimiento=107d, valor=16724.94, acción=PENDING_APPROVAL, evidencia=completa, cambio_precio=solicitado, aprobación=no."
CASE-0151,SKU-5473,Sala 18,29,119,51.69,41.35,20,True,True,APPLIED,True,6151.11,63,,ALTO,ALTO,"Score=63; nivel=ALTO; factores: vencimiento=29d, valor=6151.11, acción=APPLIED, evidencia=completa, cambio_precio=solicitado, aprobación=sí."
CASE-0152,SKU-6288,Sala 17,27,80,49.9,49.9,0,False,False,NONE,False,3992.0,81,vencimiento <=45 días sin acción comercial; vencimiento <=30 días con evidencia incompleta,ALTO,ALTO,"Score=81; nivel=ALTO; factores: vencimiento=27d, valor=3992.0, acción=NONE, evidencia=incompleta, cambio_precio=no solicitado, aprobación=no."
CASE-0153,SKU-6221,Sala 11,5,70,93.16,88.5,5,True,True,PENDING_APPROVAL,True,6521.2,80,,ALTO,ALTO,"Score=80; nivel=ALTO; factores: vencimiento=5d, valor=6521.2, acción=PENDING_APPROVAL, evidencia=completa, cambio_precio=solicitado, aprobación=sí."
CASE-0154,SKU-4066,Sala 18,3,158,86.84,56.45,35,True,True,NONE,True,13720.72,95,vencimiento <=45 días sin acción comercial,ALTO,ALTO,"Score=95; nivel=ALTO; factores: vencimiento=3d, valor=13720.72, acción=NONE, evidencia=completa, cambio_precio=solicitado, aprobación=sí."
CASE-0155,SKU-3139,Sala 4,6,159,154.22,154.22,0,False,False,APPLIED,False,24520.98,80,vencimiento <=30 días con evidencia incompleta,ALTO,ALTO,"Score=80; nivel=ALTO; factores: vencimiento=6d, valor=24520.98, acción=APPLIED, evidencia=incompleta, cambio_precio=no solicitado, aprobación=no."
CASE-0156,SKU-4649,Sala 15,31,208,45.47,45.47,0,False,False,APPLIED,True,9457.76,57,,MEDIO,MEDIO,"Score=57; nivel=MEDIO; factores: vencimiento=31d, valor=9457.76, acción=APPLIED, evidencia=completa, cambio_precio=no solicitado, aprobación=no."
CASE-0157,SKU-9133,Sala 16,26,117,72.23,72.23,0,False,False,NONE,True,8450.91,78,vencimiento <=45 días sin acción comercial,ALTO,ALTO,"Score=78; nivel=ALTO; factores: vencimiento=26d, valor=8450.91, acción=NONE, evidencia=completa, cambio_precio=no solicitado, aprobación=no."
CASE-0158,SKU-9550,Sala 14,16,148,16.38,14.74,10,True,True,PENDING_APPROVAL,True,2424.24,65,,ALTO,ALTO,"Score=65; nivel=ALTO; factores: vencimiento=16d, valor=2424.24, acción=PENDING_APPROVAL, evidencia=completa, cambio_precio=solicitado, aprobación=sí."
CASE-0159,SKU-4840,Sala 5,34,125,123.01,86.11,30,True,True,NONE,False,15376.25,87,vencimiento <=45 días sin acción comercial,ALTO,ALTO,"Score=87; nivel=ALTO; factores: vencimiento=34d, valor=15376.25, acción=NONE, evidencia=incompleta, cambio_precio=solicitado, aprobación=sí."
CASE-0160,SKU-9991,Sala 7,41,76,36.6,34.77,5,True,False,APPLIED,False,2781.6,73,cambio de precio no aprobado con impacto >=1000,ALTO,ALTO,"Score=73; nivel=ALTO; factores: vencimiento=41d, valor=2781.6, acción=APPLIED, evidencia=incompleta, cambio_precio=solicitado, aprobación=no."
CASE-0161,SKU-2032,Sala 6,24,34,14.06,14.06,0,False,False,APPLIED,True,478.04,28,,BAJO,BAJO,"Score=28; nivel=BAJO; factores: vencimiento=24d, valor=478.04, acción=APPLIED, evidencia=completa, cambio_precio=no solicitado, aprobación=no."
CASE-0162,SKU-1690,Sala 5,54,38,120.72,120.72,0,False,False,APPLIED,True,4587.36,32,,MEDIO,MEDIO,"Score=32; nivel=MEDIO; factores: vencimiento=54d, valor=4587.36, acción=APPLIED, evidencia=completa, cambio_precio=no solicitado, aprobación=no."
CASE-0163,SKU-2136,Sala 2,54,40,61.43,39.93,35,True,False,PENDING_APPROVAL,True,2457.2,67,cambio de precio no aprobado con impacto >=1000,ALTO,ALTO,"Score=67; nivel=ALTO; factores: vencimiento=54d, valor=2457.2, acción=PENDING_APPROVAL, evidencia=completa, cambio_precio=solicitado, aprobación=no."
CASE-0164,SKU-3320,Sala 18,30,48,106.87,85.5,20,True,False,APPLIED,True,5129.76,71,cambio de precio no aprobado con impacto >=1000,ALTO,ALTO,"Score=71; nivel=ALTO; factores: vencimiento=30d, valor=5129.76, acción=APPLIED, evidencia=completa, cambio_precio=solicitado, aprobación=no."
CASE-0165,SKU-4598,Sala 6,54,192,171.79,128.84,25,True,True,NONE,True,32983.68,74,,ALTO,ALTO,"Score=74; nivel=ALTO; factores: vencimiento=54d, valor=32983.68, acción=NONE, evidencia=completa, cambio_precio=solicitado, aprobación=sí."
CASE-0166,SKU-1904,Sala 17,38,119,122.76,110.48,10,True,True,NONE,True,14608.44,77,vencimiento <=45 días sin acción comercial,ALTO,ALTO,"Score=77; nivel=ALTO; factores: vencimiento=38d, valor=14608.44, acción=NONE, evidencia=completa, cambio_precio=solicitado, aprobación=sí."
CASE-0167,SKU-8404,Sala 7,15,205,124.03,86.82,30,True,True,APPLIED,False,25426.15,85,vencimiento <=30 días con evidencia incompleta,ALTO,ALTO,"Score=85; nivel=ALTO; factores: vencimiento=15d, valor=25426.15, acción=APPLIED, evidencia=incompleta, cambio_precio=solicitado, aprobación=sí."
CASE-0168,SKU-8412,Sala 6,20,184,133.66,133.66,0,False,False,NONE,True,24593.44,83,vencimiento <=45 días sin acción comercial,ALTO,ALTO,"Score=83; nivel=ALTO; factores: vencimiento=20d, valor=24593.44, acción=NONE, evidencia=completa, cambio_precio=no solicitado, aprobación=no."
CASE-0169,SKU-9976,Sala 1,29,150,8.78,6.15,30,True,True,APPLIED,True,1317.0,55,,MEDIO,MEDIO,"Score=55; nivel=MEDIO; factores: vencimiento=29d, valor=1317.0, acción=APPLIED, evidencia=completa, cambio_precio=solicitado, aprobación=sí."
CASE-0170,SKU-5866,Sala 7,37,87,106.68,64.01,40,True,False,APPLIED,True,9281.16,78,cambio de precio no aprobado con impacto >=1000,ALTO,ALTO,"Score=78; nivel=ALTO; factores: vencimiento=37d, valor=9281.16, acción=APPLIED, evidencia=completa, cambio_precio=solicitado, aprobación=no."
CASE-0171,SKU-1117,Sala 17,7,73,45.83,41.25,10,True,True,APPLIED,True,3345.59,58,,MEDIO,MEDIO,"Score=58; nivel=MEDIO; factores: vencimiento=7d, valor=3345.59, acción=APPLIED, evidencia=completa, cambio_precio=solicitado, aprobación=sí."
CASE-0172,SKU-4289,Sala 14,56,36,28.06,16.84,40,True,False,APPLIED,True,1010.16,52,cambio de precio no aprobado con impacto >=1000,ALTO,ALTO,"Score=52; nivel=ALTO; factores: vencimiento=56d, valor=1010.16, acción=APPLIED, evidencia=completa, cambio_precio=solicitado, aprobación=no."
CASE-0173,SKU-9249,Sala 8,36,40,58.64,58.64,0,False,False,NONE,True,2345.6,54,vencimiento <=45 días sin acción comercial,ALTO,ALTO,"Score=54; nivel=ALTO; factores: vencimiento=36d, valor=2345.6, acción=NONE, evidencia=completa, cambio_precio=no solicitado, aprobación=no."
CASE-0174,SKU-1107,Sala 18,24,45,54.46,49.01,10,True,True,APPLIED,True,2450.7,45,,MEDIO,MEDIO,"Score=45; nivel=MEDIO; factores: vencimiento=24d, valor=2450.7, acción=APPLIED, evidencia=completa, cambio_precio=solicitado, aprobación=sí."
CASE-0175,SKU-3335,Sala 14,37,129,95.11,90.35,5,True,True,NONE,True,12269.19,77,vencimiento <=45 días sin acción comercial,ALTO,ALTO,"Score=77; nivel=ALTO; factores: vencimiento=37d, valor=12269.19, acción=NONE, evidencia=completa, cambio_precio=solicitado, aprobación=sí."
CASE-0176,SKU-1391,Sala 14,1,50,43.38,36.87,15,True,True,PENDING_APPROVAL,True,2169.0,67,,ALTO,ALTO,"Score=67; nivel=ALTO; factores: vencimiento=1d, valor=2169.0, acción=PENDING_APPROVAL, evidencia=completa, cambio_precio=solicitado, aprobación=sí."
CASE-0177,SKU-3177,Sala 1,113,111,147.91,110.93,25,True,True,PENDING_APPROVAL,False,16418.01,60,,ALTO,ALTO,"Score=60; nivel=ALTO; factores: vencimiento=113d, valor=16418.01, acción=PENDING_APPROVAL, evidencia=incompleta, cambio_precio=solicitado, aprobación=sí."
CASE-0178,SKU-1531,Sala 8,45,51,86.83,86.83,0,False,False,PENDING_APPROVAL,True,4428.33,55,,MEDIO,MEDIO,"Score=55; nivel=MEDIO; factores: vencimiento=45d, valor=4428.33, acción=PENDING_APPROVAL, evidencia=completa, cambio_precio=no solicitado, aprobación=no."
CASE-0179,SKU-2273,Sala 18,20,173,146.17,138.86,5,True,True,APPLIED,True,25287.41,68,,ALTO,ALTO,"Score=68; nivel=ALTO; factores: vencimiento=20d, valor=25287.41, acción=APPLIED, evidencia=completa, cambio_precio=solicitado, aprobación=sí."
CASE-0180,SKU-3868,Sala 14,47,173,130.49,130.49,0,False,False,PENDING_APPROVAL,True,22574.77,64,,ALTO,ALTO,"Score=64; nivel=ALTO; factores: vencimiento=47d, valor=22574.77, acción=PENDING_APPROVAL, evidencia=completa, cambio_precio=no solicitado, aprobación=no."
CASE-0181,SKU-4034,Sala 8,47,203,87.04,87.04,0,False,False,NONE,True,17669.12,69,,ALTO,ALTO,"Score=69; nivel=ALTO; factores: vencimiento=47d, valor=17669.12, acción=NONE, evidencia=completa, cambio_precio=no solicitado, aprobación=no."
CASE-0182,SKU-6594,Sala 3,60,107,145.53,145.53,0,False,False,APPLIED,True,15571.71,44,,MEDIO,MEDIO,"Score=44; nivel=MEDIO; factores: vencimiento=60d, valor=15571.71, acción=APPLIED, evidencia=completa, cambio_precio=no solicitado, aprobación=no."
CASE-0183,SKU-5590,Sala 11,69,134,17.65,15.0,15,True,True,APPLIED,True,2365.1,29,,BAJO,MEDIO,"Score=29; nivel=MEDIO; factores: vencimiento=69d, valor=2365.1, acción=APPLIED, evidencia=completa, cambio_precio=solicitado, aprobación=sí."
CASE-0184,SKU-5403,Sala 10,3,131,17.56,14.05,20,True,True,PENDING_APPROVAL,True,2300.36,72,,ALTO,ALTO,"Score=72; nivel=ALTO; factores: vencimiento=3d, valor=2300.36, acción=PENDING_APPROVAL, evidencia=completa, cambio_precio=solicitado, aprobación=sí."
CASE-0185,SKU-1792,Sala 8,25,187,138.49,131.57,5,True,True,NONE,True,25897.63,88,vencimiento <=45 días sin acción comercial,ALTO,ALTO,"Score=88; nivel=ALTO; factores: vencimiento=25d, valor=25897.63, acción=NONE, evidencia=completa, cambio_precio=solicitado, aprobación=sí."
CASE-0186,SKU-9760,Sala 3,44,51,77.75,77.75,0,False,False,APPLIED,True,3965.25,40,,MEDIO,MEDIO,"Score=40; nivel=MEDIO; factores: vencimiento=44d, valor=3965.25, acción=APPLIED, evidencia=completa, cambio_precio=no solicitado, aprobación=no."
CASE-0187,SKU-6564,Sala 3,44,80,172.12,129.09,25,True,True,PENDING_APPROVAL,True,13769.6,72,,ALTO,ALTO,"Score=72; nivel=ALTO; factores: vencimiento=44d, valor=13769.6, acción=PENDING_APPROVAL, evidencia=completa, cambio_precio=solicitado, aprobación=sí."
CASE-0188,SKU-6658,Sala 18,55,150,98.57,78.86,20,True,True,NONE,True,14785.5,74,,ALTO,ALTO,"Score=74; nivel=ALTO; factores: vencimiento=55d, valor=14785.5, acción=NONE, evidencia=completa, cambio_precio=solicitado, aprobación=sí."
CASE-0189,SKU-2802,Sala 7,30,211,85.62,85.62,0,False,False,PENDING_APPROVAL,True,18065.82,78,,ALTO,ALTO,"Score=78; nivel=ALTO; factores: vencimiento=30d, valor=18065.82, acción=PENDING_APPROVAL, evidencia=completa, cambio_precio=no solicitado, aprobación=no."
CASE-0190,SKU-1384,Sala 17,22,18,94.83,94.83,0,False,False,NONE,True,1706.94,55,vencimiento <=45 días sin acción comercial,ALTO,ALTO,"Score=55; nivel=ALTO; factores: vencimiento=22d, valor=1706.94, acción=NONE, evidencia=completa, cambio_precio=no solicitado, aprobación=no."
CASE-0191,SKU-7868,Sala 5,35,137,67.84,67.84,0,False,False,PENDING_APPROVAL,True,9294.08,67,,ALTO,ALTO,"Score=67; nivel=ALTO; factores: vencimiento=35d, valor=9294.08, acción=PENDING_APPROVAL, evidencia=completa, cambio_precio=no solicitado, aprobación=no."
CASE-0192,SKU-2534,Sala 13,27,152,73.33,73.33,0,False,False,PENDING_APPROVAL,True,11146.16,78,,ALTO,ALTO,"Score=78; nivel=ALTO; factores: vencimiento=27d, valor=11146.16, acción=PENDING_APPROVAL, evidencia=completa, cambio_precio=no solicitado, aprobación=no."
CASE-0193,SKU-6721,Sala 12,20,156,49.35,49.35,0,False,False,APPLIED,True,7698.6,63,,ALTO,ALTO,"Score=63; nivel=ALTO; factores: vencimiento=20d, valor=7698.6, acción=APPLIED, evidencia=completa, cambio_precio=no solicitado, aprobación=no."
CASE-0194,SKU-5111,Sala 12,48,198,132.01,92.41,30,True,True,PENDING_APPROVAL,True,26137.98,69,,ALTO,ALTO,"Score=69; nivel=ALTO; factores: vencimiento=48d, valor=26137.98, acción=PENDING_APPROVAL, evidencia=completa, cambio_precio=solicitado, aprobación=sí."
CASE-0195,SKU-1048,Sala 16,23,15,54.68,32.81,40,True,False,APPLIED,True,820.2,55,,MEDIO,MEDIO,"Score=55; nivel=MEDIO; factores: vencimiento=23d, valor=820.2, acción=APPLIED, evidencia=completa, cambio_precio=solicitado, aprobación=no."
CASE-0196,SKU-7405,Sala 16,13,40,88.86,75.53,15,True,True,APPLIED,False,3554.4,68,vencimiento <=30 días con evidencia incompleta,ALTO,ALTO,"Score=68; nivel=ALTO; factores: vencimiento=13d, valor=3554.4, acción=APPLIED, evidencia=incompleta, cambio_precio=solicitado, aprobación=sí."
CASE-0197,SKU-1672,Sala 17,109,7,24.06,24.06,0,False,False,NONE,True,168.42,15,,BAJO,BAJO,"Score=15; nivel=BAJO; factores: vencimiento=109d, valor=168.42, acción=NONE, evidencia=completa, cambio_precio=no solicitado, aprobación=no."
CASE-0198,SKU-6244,Sala 2,2,63,134.81,134.81,0,False,False,NONE,True,8493.03,80,vencimiento <=45 días sin acción comercial,ALTO,ALTO,"Score=80; nivel=ALTO; factores: vencimiento=2d, valor=8493.03, acción=NONE, evidencia=completa, cambio_precio=no solicitado, aprobación=no."
CASE-0199,SKU-8296,Sala 4,73,89,165.93,99.56,40,True,True,PENDING_APPROVAL,True,14767.77,57,,MEDIO,MEDIO,"Score=57; nivel=MEDIO; factores: vencimiento=73d, valor=14767.77, acción=PENDING_APPROVAL, evidencia=completa, cambio_precio=solicitado, aprobación=sí."
CASE-0200,SKU-9798,Sala 16,53,100,18.04,18.04,0,False,False,NONE,True,1804.0,51,,MEDIO,MEDIO,"Score=51; nivel=MEDIO; factores: vencimiento=53d, valor=1804.0, acción=NONE, evidencia=completa, cambio_precio=no solicitado, aprobación=no."
CASE-0201,SKU-6861,Sala 3,60,33,177.2,106.32,40,True,True,PENDING_APPROVAL,True,5847.6,59,,MEDIO,MEDIO,"Score=59; nivel=MEDIO; factores: vencimiento=60d, valor=5847.6, acción=PENDING_APPROVAL, evidencia=completa, cambio_precio=solicitado, aprobación=sí."
CASE-0202,SKU-6306,Sala 10,104,206,143.72,107.79,25,True,True,APPLIED,False,29606.32,50,,MEDIO,MEDIO,"Score=50; nivel=MEDIO; factores: vencimiento=104d, valor=29606.32, acción=APPLIED, evidencia=incompleta, cambio_precio=solicitado, aprobación=sí."
CASE-0203,SKU-9640,Sala 13,53,102,156.87,156.87,0,False,False,NONE,True,16000.74,64,,ALTO,ALTO,"Score=64; nivel=ALTO; factores: vencimiento=53d, valor=16000.74, acción=NONE, evidencia=completa, cambio_precio=no solicitado, aprobación=no."
CASE-0204,SKU-5990,Sala 1,110,125,92.16,87.55,5,True,True,PENDING_APPROVAL,True,11520.0,50,,MEDIO,MEDIO,"Score=50; nivel=MEDIO; factores: vencimiento=110d, valor=11520.0, acción=PENDING_APPROVAL, evidencia=completa, cambio_precio=solicitado, aprobación=sí."
CASE-0205,SKU-2981,Sala 14,91,202,51.62,43.88,15,True,True,APPLIED,True,10427.24,40,,MEDIO,MEDIO,"Score=40; nivel=MEDIO; factores: vencimiento=91d, valor=10427.24, acción=APPLIED, evidencia=completa, cambio_precio=solicitado, aprobación=sí."
CASE-0206,SKU-9043,Sala 6,55,44,88.39,66.29,25,True,False,PENDING_APPROVAL,True,3889.16,65,cambio de precio no aprobado con impacto >=1000,ALTO,ALTO,"Score=65; nivel=ALTO; factores: vencimiento=55d, valor=3889.16, acción=PENDING_APPROVAL, evidencia=completa, cambio_precio=solicitado, aprobación=no."
CASE-0207,SKU-7628,Sala 5,94,179,117.79,117.79,0,False,False,PENDING_APPROVAL,True,21084.41,50,,MEDIO,MEDIO,"Score=50; nivel=MEDIO; factores: vencimiento=94d, valor=21084.41, acción=PENDING_APPROVAL, evidencia=completa, cambio_precio=no solicitado, aprobación=no."
CASE-0208,SKU-4350,Sala 8,70,189,161.47,96.88,40,True,True,NONE,True,30517.83,67,,ALTO,ALTO,"Score=67; nivel=ALTO; factores: vencimiento=70d, valor=30517.83, acción=NONE, evidencia=completa, cambio_precio=solicitado, aprobación=sí."
CASE-0209,SKU-2549,Sala 15,42,142,40.54,34.46,15,True,True,PENDING_APPROVAL,False,5756.68,82,,ALTO,ALTO,"Score=82; nivel=ALTO; factores: vencimiento=42d, valor=5756.68, acción=PENDING_APPROVAL, evidencia=incompleta, cambio_precio=solicitado, aprobación=sí."
CASE-0210,SKU-5317,Sala 12,1,140,137.88,137.88,0,False,False,PENDING_APPROVAL,True,19303.2,80,,ALTO,ALTO,"Score=80; nivel=ALTO; factores: vencimiento=1d, valor=19303.2, acción=PENDING_APPROVAL, evidencia=completa, cambio_precio=no solicitado, aprobación=no."
CASE-0211,SKU-5037,Sala 9,9,55,69.06,48.34,30,True,True,NONE,True,3798.3,78,vencimiento <=45 días sin acción comercial,ALTO,ALTO,"Score=78; nivel=ALTO; factores: vencimiento=9d, valor=3798.3, acción=NONE, evidencia=completa, cambio_precio=solicitado, aprobación=sí."
CASE-0212,SKU-6062,Sala 9,60,82,51.22,51.22,0,False,False,APPLIED,False,4200.04,47,,MEDIO,MEDIO,"Score=47; nivel=MEDIO; factores: vencimiento=60d, valor=4200.04, acción=APPLIED, evidencia=incompleta, cambio_precio=no solicitado, aprobación=no."
CASE-0213,SKU-2846,Sala 4,41,21,83.86,83.86,0,False,False,APPLIED,False,1761.06,39,,MEDIO,MEDIO,"Score=39; nivel=MEDIO; factores: vencimiento=41d, valor=1761.06, acción=APPLIED, evidencia=incompleta, cambio_precio=no solicitado, aprobación=no."
CASE-0214,SKU-2879,Sala 3,55,205,68.88,41.33,40,True,False,NONE,True,14120.4,95,cambio de precio no aprobado con impacto >=1000,ALTO,ALTO,"Score=95; nivel=ALTO; factores: vencimiento=55d, valor=14120.4, acción=NONE, evidencia=completa, cambio_precio=solicitado, aprobación=no."
CASE-0215,SKU-2466,Sala 10,15,37,124.42,124.42,0,False,False,APPLIED,True,4603.54,53,,MEDIO,MEDIO,"Score=53; nivel=MEDIO; factores: vencimiento=15d, valor=4603.54, acción=APPLIED, evidencia=completa, cambio_precio=no solicitado, aprobación=no."
CASE-0216,SKU-9351,Sala 18,107,178,110.68,110.68,0,False,False,PENDING_APPROVAL,True,19701.04,50,,MEDIO,MEDIO,"Score=50; nivel=MEDIO; factores: vencimiento=107d, valor=19701.04, acción=PENDING_APPROVAL, evidencia=completa, cambio_precio=no solicitado, aprobación=no."
CASE-0217,SKU-9290,Sala 4,1,129,121.35,103.15,15,True,True,PENDING_APPROVAL,True,15654.15,85,,ALTO,ALTO,"Score=85; nivel=ALTO; factores: vencimiento=1d, valor=15654.15, acción=PENDING_APPROVAL, evidencia=completa, cambio_precio=solicitado, aprobación=sí."
CASE-0218,SKU-5548,Sala 13,53,73,11.47,6.88,40,True,True,APPLIED,True,837.31,25,,BAJO,BAJO,"Score=25; nivel=BAJO; factores: vencimiento=53d, valor=837.31, acción=APPLIED, evidencia=completa, cambio_precio=solicitado, aprobación=sí."
CASE-0219,SKU-7800,Sala 8,1,22,76.19,76.19,0,False,False,APPLIED,True,1676.18,42,,MEDIO,MEDIO,"Score=42; nivel=MEDIO; factores: vencimiento=1d, valor=1676.18, acción=APPLIED, evidencia=completa, cambio_precio=no solicitado, aprobación=no."
CASE-0220,SKU-5690,Sala 13,25,172,62.04,52.73,15,True,False,PENDING_APPROVAL,True,10670.88,96,cambio de precio no aprobado con impacto >=1000,ALTO,ALTO,"Score=96; nivel=ALTO; factores: vencimiento=25d, valor=10670.88, acción=PENDING_APPROVAL, evidencia=completa, cambio_precio=solicitado, aprobación=no."
CASE-0221,SKU-1130,Sala 9,43,122,41.06,28.74,30,True,True,APPLIED,False,5009.32,67,,ALTO,ALTO,"Score=67; nivel=ALTO; factores: vencimiento=43d, valor=5009.32, acción=APPLIED, evidencia=incompleta, cambio_precio=solicitado, aprobación=sí."
CASE-0222,SKU-4657,Sala 6,43,14,26.62,26.62,0,False,False,APPLIED,True,372.68,17,,BAJO,BAJO,"Score=17; nivel=BAJO; factores: vencimiento=43d, valor=372.68, acción=APPLIED, evidencia=completa, cambio_precio=no solicitado, aprobación=no."
CASE-0223,SKU-8033,Sala 9,12,37,43.69,43.69,0,False,False,NONE,False,1616.53,77,vencimiento <=45 días sin acción comercial; vencimiento <=30 días con evidencia incompleta,ALTO,ALTO,"Score=77; nivel=ALTO; factores: vencimiento=12d, valor=1616.53, acción=NONE, evidencia=incompleta, cambio_precio=no solicitado, aprobación=no."
CASE-0224,SKU-8237,Sala 18,30,186,134.38,107.5,20,True,True,NONE,True,24994.68,88,vencimiento <=45 días sin acción comercial,ALTO,ALTO,"Score=88; nivel=ALTO; factores: vencimiento=30d, valor=24994.68, acción=NONE, evidencia=completa, cambio_precio=solicitado, aprobación=sí."
CASE-0225,SKU-1375,Sala 16,17,89,118.97,118.97,0,False,False,APPLIED,True,10588.33,58,,MEDIO,MEDIO,"Score=58; nivel=MEDIO; factores: vencimiento=17d, valor=10588.33, acción=APPLIED, evidencia=completa, cambio_precio=no solicitado, aprobación=no."
CASE-0226,SKU-2238,Sala 13,60,3,29.93,29.93,0,False,False,APPLIED,True,89.79,9,,BAJO,BAJO,"Score=9; nivel=BAJO; factores: vencimiento=60d, valor=89.79, acción=APPLIED, evidencia=completa, cambio_precio=no solicitado, aprobación=no."
CASE-0227,SKU-7345,Sala 2,48,202,155.23,155.23,0,False,False,NONE,True,31356.46,69,,ALTO,ALTO,"Score=69; nivel=ALTO; factores: vencimiento=48d, valor=31356.46, acción=NONE, evidencia=completa, cambio_precio=no solicitado, aprobación=no."
CASE-0228,SKU-6296,Sala 9,49,93,179.0,179.0,0,False,False,PENDING_APPROVAL,True,16647.0,59,,MEDIO,MEDIO,"Score=59; nivel=MEDIO; factores: vencimiento=49d, valor=16647.0, acción=PENDING_APPROVAL, evidencia=completa, cambio_precio=no solicitado, aprobación=no."
CASE-0229,SKU-1848,Sala 14,46,98,34.99,34.99,0,False,False,PENDING_APPROVAL,False,3429.02,62,,ALTO,ALTO,"Score=62; nivel=ALTO; factores: vencimiento=46d, valor=3429.02, acción=PENDING_APPROVAL, evidencia=incompleta, cambio_precio=no solicitado, aprobación=no."
CASE-0230,SKU-6154,Sala 9,52,154,52.16,36.51,30,True,True,PENDING_APPROVAL,True,8032.64,69,,ALTO,ALTO,"Score=69; nivel=ALTO; factores: vencimiento=52d, valor=8032.64, acción=PENDING_APPROVAL, evidencia=completa, cambio_precio=solicitado, aprobación=sí."
CASE-0231,SKU-8727,Sala 14,40,177,159.09,159.09,0,False,False,NONE,True,28158.93,77,vencimiento <=45 días sin acción comercial,ALTO,ALTO,"Score=77; nivel=ALTO; factores: vencimiento=40d, valor=28158.93, acción=NONE, evidencia=completa, cambio_precio=no solicitado, aprobación=no."
CASE-0232,SKU-5755,Sala 15,3,178,65.53,65.53,0,False,False,APPLIED,True,11664.34,70,,ALTO,ALTO,"Score=70; nivel=ALTO; factores: vencimiento=3d, valor=11664.34, acción=APPLIED, evidencia=completa, cambio_precio=no solicitado, aprobación=no."
CASE-0233,SKU-1473,Sala 15,17,166,160.78,128.62,20,True,True,PENDING_APPROVAL,True,26689.48,83,,ALTO,ALTO,"Score=83; nivel=ALTO; factores: vencimiento=17d, valor=26689.48, acción=PENDING_APPROVAL, evidencia=completa, cambio_precio=solicitado, aprobación=sí."
CASE-0234,SKU-9578,Sala 6,21,23,81.64,81.64,0,False,False,PENDING_APPROVAL,True,1877.72,50,,MEDIO,MEDIO,"Score=50; nivel=MEDIO; factores: vencimiento=21d, valor=1877.72, acción=PENDING_APPROVAL, evidencia=completa, cambio_precio=no solicitado, aprobación=no."
CASE-0235,SKU-2523,Sala 17,3,31,134.39,100.79,25,True,False,NONE,False,4166.09,100,vencimiento <=45 días sin acción comercial; cambio de precio no aprobado con impacto >=1000; vencimiento <=30 días con evidencia incompleta,ALTO,ALTO,"Score=100; nivel=ALTO; factores: vencimiento=3d, valor=4166.09, acción=NONE, evidencia=incompleta, cambio_precio=solicitado, aprobación=no."
CASE-0236,SKU-1148,Sala 9,104,60,101.3,75.97,25,True,True,PENDING_APPROVAL,False,6078.0,55,,MEDIO,MEDIO,"Score=55; nivel=MEDIO; factores: vencimiento=104d, valor=6078.0, acción=PENDING_APPROVAL, evidencia=incompleta, cambio_precio=solicitado, aprobación=sí."
CASE-0237,SKU-9047,Sala 6,19,164,76.09,76.09,0,False,False,NONE,True,12478.76,83,vencimiento <=45 días sin acción comercial,ALTO,ALTO,"Score=83; nivel=ALTO; factores: vencimiento=19d, valor=12478.76, acción=NONE, evidencia=completa, cambio_precio=no solicitado, aprobación=no."
CASE-0238,SKU-8591,Sala 5,59,64,121.79,121.79,0,False,False,PENDING_APPROVAL,True,7794.56,54,,MEDIO,MEDIO,"Score=54; nivel=MEDIO; factores: vencimiento=59d, valor=7794.56, acción=PENDING_APPROVAL, evidencia=completa, cambio_precio=no solicitado, aprobación=no."
CASE-0239,SKU-9927,Sala 13,24,84,179.89,179.89,0,False,False,PENDING_APPROVAL,True,15110.76,73,,ALTO,ALTO,"Score=73; nivel=ALTO; factores: vencimiento=24d, valor=15110.76, acción=PENDING_APPROVAL, evidencia=completa, cambio_precio=no solicitado, aprobación=no."
CASE-0240,SKU-4848,Sala 5,20,99,45.75,36.6,20,True,False,PENDING_APPROVAL,True,4529.25,84,cambio de precio no aprobado con impacto >=1000,ALTO,ALTO,"Score=84; nivel=ALTO; factores: vencimiento=20d, valor=4529.25, acción=PENDING_APPROVAL, evidencia=completa, cambio_precio=solicitado, aprobación=no."
CASE-0241,SKU-3047,Sala 9,60,8,97.48,82.86,15,True,True,APPLIED,True,779.84,20,,BAJO,BAJO,"Score=20; nivel=BAJO; factores: vencimiento=60d, valor=779.84, acción=APPLIED, evidencia=completa, cambio_precio=solicitado, aprobación=sí."
CASE-0242,SKU-2143,Sala 11,91,81,97.03,97.03,0,False,False,NONE,True,7859.43,50,,MEDIO,MEDIO,"Score=50; nivel=MEDIO; factores: vencimiento=91d, valor=7859.43, acción=NONE, evidencia=completa, cambio_precio=no solicitado, aprobación=no."
CASE-0243,SKU-3477,Sala 5,51,212,69.43,55.54,20,True,True,PENDING_APPROVAL,True,14719.16,69,,ALTO,ALTO,"Score=69; nivel=ALTO; factores: vencimiento=51d, valor=14719.16, acción=PENDING_APPROVAL, evidencia=completa, cambio_precio=solicitado, aprobación=sí."
CASE-0244,SKU-5278,Sala 7,34,187,41.13,24.68,40,True,True,NONE,True,7691.31,82,vencimiento <=45 días sin acción comercial,ALTO,ALTO,"Score=82; nivel=ALTO; factores: vencimiento=34d, valor=7691.31, acción=NONE, evidencia=completa, cambio_precio=solicitado, aprobación=sí."
CASE-0245,SKU-1486,Sala 11,56,128,156.79,156.79,0,False,False,APPLIED,True,20069.12,44,,MEDIO,MEDIO,"Score=44; nivel=MEDIO; factores: vencimiento=56d, valor=20069.12, acción=APPLIED, evidencia=completa, cambio_precio=no solicitado, aprobación=no."
CASE-0246,SKU-9344,Sala 1,49,7,108.25,81.19,25,True,True,APPLIED,True,757.75,20,,BAJO,BAJO,"Score=20; nivel=BAJO; factores: vencimiento=49d, valor=757.75, acción=APPLIED, evidencia=completa, cambio_precio=solicitado, aprobación=sí."
CASE-0247,SKU-2527,Sala 5,21,204,148.96,134.06,10,True,True,NONE,True,30387.84,88,vencimiento <=45 días sin acción comercial,ALTO,ALTO,"Score=88; nivel=ALTO; factores: vencimiento=21d, valor=30387.84, acción=NONE, evidencia=completa, cambio_precio=solicitado, aprobación=sí."
CASE-0248,SKU-9976,Sala 6,29,161,75.34,60.27,20,True,True,NONE,True,12129.74,88,vencimiento <=45 días sin acción comercial,ALTO,ALTO,"Score=88; nivel=ALTO; factores: vencimiento=29d, valor=12129.74, acción=NONE, evidencia=completa, cambio_precio=solicitado, aprobación=sí."
CASE-0249,SKU-4741,Sala 6,43,156,140.8,98.56,30,True,True,PENDING_APPROVAL,False,21964.8,87,,ALTO,ALTO,"Score=87; nivel=ALTO; factores: vencimiento=43d, valor=21964.8, acción=PENDING_APPROVAL, evidencia=incompleta, cambio_precio=solicitado, aprobación=sí."
CASE-0250,SKU-8112,Sala 16,16,162,130.45,97.84,25,True,True,PENDING_APPROVAL,True,21132.9,83,,ALTO,ALTO,"Score=83; nivel=ALTO; factores: vencimiento=16d, valor=21132.9, acción=PENDING_APPROVAL, evidencia=completa, cambio_precio=solicitado, aprobación=sí."
CASE-0251,SKU-2672,Sala 10,101,137,158.05,102.73,35,True,False,APPLIED,True,21652.85,56,cambio de precio no aprobado con impacto >=1000,ALTO,ALTO,"Score=56; nivel=ALTO; factores: vencimiento=101d, valor=21652.85, acción=APPLIED, evidencia=completa, cambio_precio=solicitado, aprobación=no."
CASE-0252,SKU-9142,Sala 11,35,209,157.3,94.38,40,True,False,NONE,False,32875.7,100,vencimiento <=45 días sin acción comercial; cambio de precio no aprobado con impacto >=1000,ALTO,ALTO,"Score=100; nivel=ALTO; factores: vencimiento=35d, valor=32875.7, acción=NONE, evidencia=incompleta, cambio_precio=solicitado, aprobación=no."
CASE-0253,SKU-2942,Sala 15,23,208,175.48,105.29,40,True,True,APPLIED,True,36499.84,68,,ALTO,ALTO,"Score=68; nivel=ALTO; factores: vencimiento=23d, valor=36499.84, acción=APPLIED, evidencia=completa, cambio_precio=solicitado, aprobación=sí."
CASE-0254,SKU-6772,Sala 6,78,35,176.28,176.28,0,False,False,NONE,True,6169.8,52,,MEDIO,MEDIO,"Score=52; nivel=MEDIO; factores: vencimiento=78d, valor=6169.8, acción=NONE, evidencia=completa, cambio_precio=no solicitado, aprobación=no."
CASE-0255,SKU-9336,Sala 2,15,141,93.63,88.95,5,True,True,APPLIED,True,13201.83,70,,ALTO,ALTO,"Score=70; nivel=ALTO; factores: vencimiento=15d, valor=13201.83, acción=APPLIED, evidencia=completa, cambio_precio=solicitado, aprobación=sí."
CASE-0256,SKU-4953,Sala 4,34,210,101.52,81.22,20,True,True,PENDING_APPROVAL,False,21319.2,87,,ALTO,ALTO,"Score=87; nivel=ALTO; factores: vencimiento=34d, valor=21319.2, acción=PENDING_APPROVAL, evidencia=incompleta, cambio_precio=solicitado, aprobación=sí."
CASE-0257,SKU-9272,Sala 1,49,187,47.62,42.86,10,True,True,PENDING_APPROVAL,True,8904.94,69,,ALTO,ALTO,"Score=69; nivel=ALTO; factores: vencimiento=49d, valor=8904.94, acción=PENDING_APPROVAL, evidencia=completa, cambio_precio=solicitado, aprobación=sí."
CASE-0258,SKU-7531,Sala 9,3,79,163.38,163.38,0,False,False,NONE,False,12907.02,95,vencimiento <=45 días sin acción comercial; vencimiento <=30 días con evidencia incompleta,ALTO,ALTO,"Score=95; nivel=ALTO; factores: vencimiento=3d, valor=12907.02, acción=NONE, evidencia=incompleta, cambio_precio=no solicitado, aprobación=no."
CASE-0259,SKU-6011,Sala 14,35,100,120.0,96.0,20,True,True,NONE,True,12000.0,77,vencimiento <=45 días sin acción comercial,ALTO,ALTO,"Score=77; nivel=ALTO; factores: vencimiento=35d, valor=12000.0, acción=NONE, evidencia=completa, cambio_precio=solicitado, aprobación=sí."
CASE-0260,SKU-5286,Sala 16,59,97,42.48,29.74,30,True,False,PENDING_APPROVAL,True,4120.56,78,cambio de precio no aprobado con impacto >=1000,ALTO,ALTO,"Score=78; nivel=ALTO; factores: vencimiento=59d, valor=4120.56, acción=PENDING_APPROVAL, evidencia=completa, cambio_precio=solicitado, aprobación=no."
CASE-0261,SKU-2390,Sala 12,21,216,31.43,25.14,20,True,False,NONE,False,6788.88,100,vencimiento <=45 días sin acción comercial; cambio de precio no aprobado con impacto >=1000; vencimiento <=30 días con evidencia incompleta,ALTO,ALTO,"Score=100; nivel=ALTO; factores: vencimiento=21d, valor=6788.88, acción=NONE, evidencia=incompleta, cambio_precio=solicitado, aprobación=no."
CASE-0262,SKU-1390,Sala 17,89,159,73.75,47.94,35,True,False,PENDING_APPROVAL,True,11726.25,83,cambio de precio no aprobado con impacto >=1000,ALTO,ALTO,"Score=83; nivel=ALTO; factores: vencimiento=89d, valor=11726.25, acción=PENDING_APPROVAL, evidencia=completa, cambio_precio=solicitado, aprobación=no."
CASE-0263,SKU-8076,Sala 6,27,141,147.05,139.7,5,True,False,APPLIED,True,20734.05,76,cambio de precio no aprobado con impacto >=1000,ALTO,ALTO,"Score=76; nivel=ALTO; factores: vencimiento=27d, valor=20734.05, acción=APPLIED, evidencia=completa, cambio_precio=solicitado, aprobación=no."
CASE-0264,SKU-1886,Sala 8,32,205,168.32,168.32,0,False,False,NONE,True,34505.6,77,vencimiento <=45 días sin acción comercial,ALTO,ALTO,"Score=77; nivel=ALTO; factores: vencimiento=32d, valor=34505.6, acción=NONE, evidencia=completa, cambio_precio=no solicitado, aprobación=no."
CASE-0265,SKU-3374,Sala 9,19,88,120.85,102.72,15,True,True,PENDING_APPROVAL,True,10634.8,78,,ALTO,ALTO,"Score=78; nivel=ALTO; factores: vencimiento=19d, valor=10634.8, acción=PENDING_APPROVAL, evidencia=completa, cambio_precio=solicitado, aprobación=sí."
CASE-0266,SKU-7792,Sala 18,34,136,146.9,146.9,0,False,False,NONE,True,19978.4,72,vencimiento <=45 días sin acción comercial,ALTO,ALTO,"Score=72; nivel=ALTO; factores: vencimiento=34d, valor=19978.4, acción=NONE, evidencia=completa, cambio_precio=no solicitado, aprobación=no."
CASE-0267,SKU-6178,Sala 18,5,186,166.8,166.8,0,False,False,PENDING_APPROVAL,True,31024.8,85,,ALTO,ALTO,"Score=85; nivel=ALTO; factores: vencimiento=5d, valor=31024.8, acción=PENDING_APPROVAL, evidencia=completa, cambio_precio=no solicitado, aprobación=no."
CASE-0268,SKU-9318,Sala 15,34,145,54.96,54.96,0,False,False,PENDING_APPROVAL,True,7969.2,67,,ALTO,ALTO,"Score=67; nivel=ALTO; factores: vencimiento=34d, valor=7969.2, acción=PENDING_APPROVAL, evidencia=completa, cambio_precio=no solicitado, aprobación=no."
CASE-0269,SKU-5085,Sala 3,12,106,39.77,39.77,0,False,False,PENDING_APPROVAL,True,4215.62,73,,ALTO,ALTO,"Score=73; nivel=ALTO; factores: vencimiento=12d, valor=4215.62, acción=PENDING_APPROVAL, evidencia=completa, cambio_precio=no solicitado, aprobación=no."
CASE-0270,SKU-1494,Sala 11,29,191,150.03,90.02,40,True,True,PENDING_APPROVAL,False,28655.73,93,vencimiento <=30 días con evidencia incompleta,ALTO,ALTO,"Score=93; nivel=ALTO; factores: vencimiento=29d, valor=28655.73, acción=PENDING_APPROVAL, evidencia=incompleta, cambio_precio=solicitado, aprobación=sí."
CASE-0271,SKU-4180,Sala 15,7,42,28.18,25.36,10,True,True,NONE,True,1183.56,72,vencimiento <=45 días sin acción comercial,ALTO,ALTO,"Score=72; nivel=ALTO; factores: vencimiento=7d, valor=1183.56, acción=NONE, evidencia=completa, cambio_precio=solicitado, aprobación=sí."
CASE-0272,SKU-8841,Sala 2,67,114,103.36,62.02,40,True,True,NONE,True,11783.04,62,,ALTO,ALTO,"Score=62; nivel=ALTO; factores: vencimiento=67d, valor=11783.04, acción=NONE, evidencia=completa, cambio_precio=solicitado, aprobación=sí."
CASE-0273,SKU-4305,Sala 17,16,178,11.6,8.7,25,True,True,APPLIED,False,2064.8,65,vencimiento <=30 días con evidencia incompleta,ALTO,ALTO,"Score=65; nivel=ALTO; factores: vencimiento=16d, valor=2064.8, acción=APPLIED, evidencia=incompleta, cambio_precio=solicitado, aprobación=sí."
CASE-0274,SKU-2394,Sala 5,30,145,134.77,134.77,0,False,False,PENDING_APPROVAL,True,19541.65,73,,ALTO,ALTO,"Score=73; nivel=ALTO; factores: vencimiento=30d, valor=19541.65, acción=PENDING_APPROVAL, evidencia=completa, cambio_precio=no solicitado, aprobación=no."
CASE-0275,SKU-7263,Sala 17,24,116,141.62,141.62,0,False,False,NONE,True,16427.92,78,vencimiento <=45 días sin acción comercial,ALTO,ALTO,"Score=78; nivel=ALTO; factores: vencimiento=24d, valor=16427.92, acción=NONE, evidencia=completa, cambio_precio=no solicitado, aprobación=no."
CASE-0276,SKU-7235,Sala 8,15,153,18.27,13.7,25,True,False,NONE,True,2795.31,100,vencimiento <=45 días sin acción comercial; cambio de precio no aprobado con impacto >=1000,ALTO,ALTO,"Score=100; nivel=ALTO; factores: vencimiento=15d, valor=2795.31, acción=NONE, evidencia=completa, cambio_precio=solicitado, aprobación=no."
CASE-0277,SKU-9900,Sala 4,100,148,153.66,122.93,20,True,True,PENDING_APPROVAL,False,22741.68,60,,ALTO,ALTO,"Score=60; nivel=ALTO; factores: vencimiento=100d, valor=22741.68, acción=PENDING_APPROVAL, evidencia=incompleta, cambio_precio=solicitado, aprobación=sí."
CASE-0278,SKU-1686,Sala 13,18,62,102.47,102.47,0,False,False,PENDING_APPROVAL,True,6353.14,68,,ALTO,ALTO,"Score=68; nivel=ALTO; factores: vencimiento=18d, valor=6353.14, acción=PENDING_APPROVAL, evidencia=completa, cambio_precio=no solicitado, aprobación=no."
CASE-0279,SKU-5163,Sala 11,55,99,30.0,30.0,0,False,False,APPLIED,True,2970.0,37,,MEDIO,MEDIO,"Score=37; nivel=MEDIO; factores: vencimiento=55d, valor=2970.0, acción=APPLIED, evidencia=completa, cambio_precio=no solicitado, aprobación=no."
CASE-0280,SKU-6701,Sala 6,47,77,50.84,38.13,25,True,True,PENDING_APPROVAL,True,3914.68,57,,MEDIO,MEDIO,"Score=57; nivel=MEDIO; factores: vencimiento=47d, valor=3914.68, acción=PENDING_APPROVAL, evidencia=completa, cambio_precio=solicitado, aprobación=sí."
CASE-0281,SKU-8916,Sala 3,19,145,28.32,28.32,0,False,False,APPLIED,True,4106.4,51,,MEDIO,MEDIO,"Score=51; nivel=MEDIO; factores: vencimiento=19d, valor=4106.4, acción=APPLIED, evidencia=completa, cambio_precio=no solicitado, aprobación=no."
CASE-0282,SKU-6613,Sala 16,31,178,55.26,44.21,20,True,True,PENDING_APPROVAL,True,9836.28,77,,ALTO,ALTO,"Score=77; nivel=ALTO; factores: vencimiento=31d, valor=9836.28, acción=PENDING_APPROVAL, evidencia=completa, cambio_precio=solicitado, aprobación=sí."
CASE-0283,SKU-6775,Sala 18,63,139,97.53,97.53,0,False,False,PENDING_APPROVAL,True,13556.67,52,,MEDIO,MEDIO,"Score=52; nivel=MEDIO; factores: vencimiento=63d, valor=13556.67, acción=PENDING_APPROVAL, evidencia=completa, cambio_precio=no solicitado, aprobación=no."
CASE-0284,SKU-7600,Sala 8,8,5,143.57,143.57,0,False,False,PENDING_APPROVAL,True,717.85,51,,MEDIO,MEDIO,"Score=51; nivel=MEDIO; factores: vencimiento=8d, valor=717.85, acción=PENDING_APPROVAL, evidencia=completa, cambio_precio=no solicitado, aprobación=no."
CASE-0285,SKU-8441,Sala 3,57,180,32.11,22.48,30,True,False,APPLIED,False,5779.8,85,cambio de precio no aprobado con impacto >=1000,ALTO,ALTO,"Score=85; nivel=ALTO; factores: vencimiento=57d, valor=5779.8, acción=APPLIED, evidencia=incompleta, cambio_precio=solicitado, aprobación=no."
CASE-0286,SKU-5603,Sala 5,67,131,133.0,106.4,20,True,True,APPLIED,True,17423.0,42,,MEDIO,MEDIO,"Score=42; nivel=MEDIO; factores: vencimiento=67d, valor=17423.0, acción=APPLIED, evidencia=completa, cambio_precio=solicitado, aprobación=sí."
CASE-0287,SKU-4611,Sala 1,96,188,41.83,41.83,0,False,False,APPLIED,True,7864.04,35,,MEDIO,MEDIO,"Score=35; nivel=MEDIO; factores: vencimiento=96d, valor=7864.04, acción=APPLIED, evidencia=completa, cambio_precio=no solicitado, aprobación=no."
CASE-0288,SKU-1858,Sala 3,34,94,146.24,95.06,35,True,False,APPLIED,True,13746.56,78,cambio de precio no aprobado con impacto >=1000,ALTO,ALTO,"Score=78; nivel=ALTO; factores: vencimiento=34d, valor=13746.56, acción=APPLIED, evidencia=completa, cambio_precio=solicitado, aprobación=no."
CASE-0289,SKU-6391,Sala 2,14,154,36.17,28.94,20,True,False,PENDING_APPROVAL,True,5570.18,100,cambio de precio no aprobado con impacto >=1000,ALTO,ALTO,"Score=100; nivel=ALTO; factores: vencimiento=14d, valor=5570.18, acción=PENDING_APPROVAL, evidencia=completa, cambio_precio=solicitado, aprobación=no."
CASE-0290,SKU-9658,Sala 9,26,111,98.38,73.78,25,True,True,PENDING_APPROVAL,True,10920.18,78,,ALTO,ALTO,"Score=78; nivel=ALTO; factores: vencimiento=26d, valor=10920.18, acción=PENDING_APPROVAL, evidencia=completa, cambio_precio=solicitado, aprobación=sí."
CASE-0291,SKU-9489,Sala 5,107,5,17.02,16.17,5,True,False,NONE,True,85.1,33,,MEDIO,MEDIO,"Score=33; nivel=MEDIO; factores: vencimiento=107d, valor=85.1, acción=NONE, evidencia=completa, cambio_precio=solicitado, aprobación=no."
CASE-0292,SKU-4401,Sala 16,92,76,63.23,56.91,10,True,True,PENDING_APPROVAL,True,4805.48,43,,MEDIO,MEDIO,"Score=43; nivel=MEDIO; factores: vencimiento=92d, valor=4805.48, acción=PENDING_APPROVAL, evidencia=completa, cambio_precio=solicitado, aprobación=sí."
CASE-0293,SKU-9089,Sala 12,117,171,80.91,52.59,35,True,True,NONE,True,13835.61,60,,ALTO,ALTO,"Score=60; nivel=ALTO; factores: vencimiento=117d, valor=13835.61, acción=NONE, evidencia=completa, cambio_precio=solicitado, aprobación=sí."
CASE-0294,SKU-4923,Sala 16,47,106,133.51,133.51,0,False,False,APPLIED,True,14152.06,44,,MEDIO,MEDIO,"Score=44; nivel=MEDIO; factores: vencimiento=47d, valor=14152.06, acción=APPLIED, evidencia=completa, cambio_precio=no solicitado, aprobación=no."
CASE-0295,SKU-8662,Sala 2,8,41,29.78,29.78,0,False,False,NONE,True,1220.98,67,vencimiento <=45 días sin acción comercial,ALTO,ALTO,"Score=67; nivel=ALTO; factores: vencimiento=8d, valor=1220.98, acción=NONE, evidencia=completa, cambio_precio=no solicitado, aprobación=no."
CASE-0296,SKU-6336,Sala 16,23,103,23.0,23.0,0,False,False,NONE,True,2369.0,65,vencimiento <=45 días sin acción comercial,ALTO,ALTO,"Score=65; nivel=ALTO; factores: vencimiento=23d, valor=2369.0, acción=NONE, evidencia=completa, cambio_precio=no solicitado, aprobación=no."
CASE-0297,SKU-9203,Sala 5,18,17,104.38,104.38,0,False,False,APPLIED,True,1774.46,35,,MEDIO,MEDIO,"Score=35; nivel=MEDIO; factores: vencimiento=18d, valor=1774.46, acción=APPLIED, evidencia=completa, cambio_precio=no solicitado, aprobación=no."
CASE-0298,SKU-7586,Sala 11,2,10,107.93,107.93,0,False,False,NONE,False,1079.3,72,vencimiento <=45 días sin acción comercial; vencimiento <=30 días con evidencia incompleta,ALTO,ALTO,"Score=72; nivel=ALTO; factores: vencimiento=2d, valor=1079.3, acción=NONE, evidencia=incompleta, cambio_precio=no solicitado, aprobación=no."
CASE-0299,SKU-9967,Sala 3,45,35,153.89,153.89,0,False,False,NONE,True,5386.15,67,vencimiento <=45 días sin acción comercial,ALTO,ALTO,"Score=67; nivel=ALTO; factores: vencimiento=45d, valor=5386.15, acción=NONE, evidencia=completa, cambio_precio=no solicitado, aprobación=no."
CASE-0300,SKU-6279,Sala 12,36,128,37.68,37.68,0,False,False,APPLIED,True,4823.04,45,,MEDIO,MEDIO,"Score=45; nivel=MEDIO; factores: vencimiento=36d, valor=4823.04, acción=APPLIED, evidencia=completa, cambio_precio=no solicitado, aprobación=no."
CASE-0301,SKU-7563,Sala 8,84,113,35.29,33.53,5,True,True,NONE,True,3987.77,55,,MEDIO,MEDIO,"Score=55; nivel=MEDIO; factores: vencimiento=84d, valor=3987.77, acción=NONE, evidencia=completa, cambio_precio=solicitado, aprobación=sí."
CASE-0302,SKU-3452,Sala 8,40,93,176.65,114.82,35,True,True,APPLIED,True,16428.45,57,,MEDIO,MEDIO,"Score=57; nivel=MEDIO; factores: vencimiento=40d, valor=16428.45, acción=APPLIED, evidencia=completa, cambio_precio=solicitado, aprobación=sí."
CASE-0303,SKU-7976,Sala 16,22,32,128.47,128.47,0,False,False,PENDING_APPROVAL,True,4111.04,61,,ALTO,ALTO,"Score=61; nivel=ALTO; factores: vencimiento=22d, valor=4111.04, acción=PENDING_APPROVAL, evidencia=completa, cambio_precio=no solicitado, aprobación=no."
CASE-0304,SKU-5166,Sala 4,99,48,174.21,165.5,5,True,False,NONE,False,8362.08,73,cambio de precio no aprobado con impacto >=1000,ALTO,ALTO,"Score=73; nivel=ALTO; factores: vencimiento=99d, valor=8362.08, acción=NONE, evidencia=incompleta, cambio_precio=solicitado, aprobación=no."
CASE-0305,SKU-5195,Sala 15,6,35,116.48,69.89,40,True,True,PENDING_APPROVAL,True,4076.8,73,,ALTO,ALTO,"Score=73; nivel=ALTO; factores: vencimiento=6d, valor=4076.8, acción=PENDING_APPROVAL, evidencia=completa, cambio_precio=solicitado, aprobación=sí."
CASE-0306,SKU-1086,Sala 17,37,205,167.8,100.68,40,True,True,PENDING_APPROVAL,True,34399.0,77,,ALTO,ALTO,"Score=77; nivel=ALTO; factores: vencimiento=37d, valor=34399.0, acción=PENDING_APPROVAL, evidencia=completa, cambio_precio=solicitado, aprobación=sí."
CASE-0307,SKU-4665,Sala 18,97,209,46.62,32.63,30,True,True,PENDING_APPROVAL,True,9743.58,55,,MEDIO,MEDIO,"Score=55; nivel=MEDIO; factores: vencimiento=97d, valor=9743.58, acción=PENDING_APPROVAL, evidencia=completa, cambio_precio=solicitado, aprobación=sí."
CASE-0308,SKU-2869,Sala 2,20,47,159.98,159.98,0,False,False,PENDING_APPROVAL,False,7519.06,78,vencimiento <=30 días con evidencia incompleta,ALTO,ALTO,"Score=78; nivel=ALTO; factores: vencimiento=20d, valor=7519.06, acción=PENDING_APPROVAL, evidencia=incompleta, cambio_precio=no solicitado, aprobación=no."
CASE-0309,SKU-5558,Sala 10,35,53,30.06,18.04,40,True,True,PENDING_APPROVAL,True,1593.18,54,,MEDIO,MEDIO,"Score=54; nivel=MEDIO; factores: vencimiento=35d, valor=1593.18, acción=PENDING_APPROVAL, evidencia=completa, cambio_precio=solicitado, aprobación=sí."
CASE-0310,SKU-5280,Sala 8,2,4,12.02,10.82,10,True,True,PENDING_APPROVAL,True,48.08,50,,MEDIO,MEDIO,"Score=50; nivel=MEDIO; factores: vencimiento=2d, valor=48.08, acción=PENDING_APPROVAL, evidencia=completa, cambio_precio=solicitado, aprobación=sí."
CASE-0311,SKU-2729,Sala 12,8,104,105.37,68.49,35,True,True,NONE,True,10958.48,90,vencimiento <=45 días sin acción comercial,ALTO,ALTO,"Score=90; nivel=ALTO; factores: vencimiento=8d, valor=10958.48, acción=NONE, evidencia=completa, cambio_precio=solicitado, aprobación=sí."
CASE-0312,SKU-5758,Sala 18,37,208,90.98,54.59,40,True,True,PENDING_APPROVAL,True,18923.84,77,,ALTO,ALTO,"Score=77; nivel=ALTO; factores: vencimiento=37d, valor=18923.84, acción=PENDING_APPROVAL, evidencia=completa, cambio_precio=solicitado, aprobación=sí."
CASE-0313,SKU-9749,Sala 15,39,94,11.21,11.21,0,False,False,APPLIED,True,1053.74,39,,MEDIO,MEDIO,"Score=39; nivel=MEDIO; factores: vencimiento=39d, valor=1053.74, acción=APPLIED, evidencia=completa, cambio_precio=no solicitado, aprobación=no."
CASE-0314,SKU-7542,Sala 2,96,186,70.64,52.98,25,True,True,PENDING_APPROVAL,True,13139.04,55,,MEDIO,MEDIO,"Score=55; nivel=MEDIO; factores: vencimiento=96d, valor=13139.04, acción=PENDING_APPROVAL, evidencia=completa, cambio_precio=solicitado, aprobación=sí."
CASE-0315,SKU-2973,Sala 2,9,34,67.74,60.97,10,True,False,PENDING_APPROVAL,False,2303.16,90,cambio de precio no aprobado con impacto >=1000; vencimiento <=30 días con evidencia incompleta,ALTO,ALTO,"Score=90; nivel=ALTO; factores: vencimiento=9d, valor=2303.16, acción=PENDING_APPROVAL, evidencia=incompleta, cambio_precio=solicitado, aprobación=no."
CASE-0316,SKU-6115,Sala 14,49,54,134.01,87.11,35,True,True,NONE,True,7236.54,64,,ALTO,ALTO,"Score=64; nivel=ALTO; factores: vencimiento=49d, valor=7236.54, acción=NONE, evidencia=completa, cambio_precio=solicitado, aprobación=sí."
CASE-0317,SKU-2797,Sala 8,40,144,102.64,61.58,40,True,True,PENDING_APPROVAL,True,14780.16,72,,ALTO,ALTO,"Score=72; nivel=ALTO; factores: vencimiento=40d, valor=14780.16, acción=PENDING_APPROVAL, evidencia=completa, cambio_precio=solicitado, aprobación=sí."
CASE-0318,SKU-1990,Sala 3,3,83,144.99,94.24,35,True,False,NONE,True,12034.17,100,vencimiento <=45 días sin acción comercial; cambio de precio no aprobado con impacto >=1000,ALTO,ALTO,"Score=100; nivel=ALTO; factores: vencimiento=3d, valor=12034.17, acción=NONE, evidencia=completa, cambio_precio=solicitado, aprobación=no."
CASE-0319,SKU-2454,Sala 1,63,151,79.78,67.81,15,True,False,APPLIED,True,12046.78,60,cambio de precio no aprobado con impacto >=1000,ALTO,ALTO,"Score=60; nivel=ALTO; factores: vencimiento=63d, valor=12046.78, acción=APPLIED, evidencia=completa, cambio_precio=solicitado, aprobación=no."
CASE-0320,SKU-3173,Sala 5,32,143,98.61,98.61,0,False,False,APPLIED,True,14101.23,52,,MEDIO,MEDIO,"Score=52; nivel=MEDIO; factores: vencimiento=32d, valor=14101.23, acción=APPLIED, evidencia=completa, cambio_precio=no solicitado, aprobación=no."
CASE-0321,SKU-9873,Sala 17,28,171,73.22,73.22,0,False,False,NONE,True,12520.62,83,vencimiento <=45 días sin acción comercial,ALTO,ALTO,"Score=83; nivel=ALTO; factores: vencimiento=28d, valor=12520.62, acción=NONE, evidencia=completa, cambio_precio=no solicitado, aprobación=no."
CASE-0322,SKU-7962,Sala 15,53,125,74.71,74.71,0,False,False,NONE,True,9338.75,64,,ALTO,ALTO,"Score=64; nivel=ALTO; factores: vencimiento=53d, valor=9338.75, acción=NONE, evidencia=completa, cambio_precio=no solicitado, aprobación=no."
CASE-0323,SKU-8278,Sala 12,44,135,103.51,62.11,40,True,True,NONE,True,13973.85,77,vencimiento <=45 días sin acción comercial,ALTO,ALTO,"Score=77; nivel=ALTO; factores: vencimiento=44d, valor=13973.85, acción=NONE, evidencia=completa, cambio_precio=solicitado, aprobación=sí."
CASE-0324,SKU-3636,Sala 7,96,46,58.08,49.37,15,True,True,APPLIED,False,2671.68,33,,MEDIO,MEDIO,"Score=33; nivel=MEDIO; factores: vencimiento=96d, valor=2671.68, acción=APPLIED, evidencia=incompleta, cambio_precio=solicitado, aprobación=sí."
CASE-0325,SKU-2641,Sala 4,99,20,147.34,147.34,0,False,False,NONE,True,2946.8,33,,MEDIO,MEDIO,"Score=33; nivel=MEDIO; factores: vencimiento=99d, valor=2946.8, acción=NONE, evidencia=completa, cambio_precio=no solicitado, aprobación=no."
CASE-0326,SKU-1782,Sala 17,71,158,157.92,157.92,0,False,False,PENDING_APPROVAL,False,24951.36,67,,ALTO,ALTO,"Score=67; nivel=ALTO; factores: vencimiento=71d, valor=24951.36, acción=PENDING_APPROVAL, evidencia=incompleta, cambio_precio=no solicitado, aprobación=no."
CASE-0327,SKU-5212,Sala 5,66,169,127.24,76.34,40,True,False,APPLIED,True,21503.56,68,cambio de precio no aprobado con impacto >=1000,ALTO,ALTO,"Score=68; nivel=ALTO; factores: vencimiento=66d, valor=21503.56, acción=APPLIED, evidencia=completa, cambio_precio=solicitado, aprobación=no."
CASE-0328,SKU-6587,Sala 8,13,33,43.75,30.62,30,True,False,PENDING_APPROVAL,True,1443.75,88,cambio de precio no aprobado con impacto >=1000,ALTO,ALTO,"Score=88; nivel=ALTO; factores: vencimiento=13d, valor=1443.75, acción=PENDING_APPROVAL, evidencia=completa, cambio_precio=solicitado, aprobación=no."
CASE-0329,SKU-1780,Sala 16,28,111,174.72,148.51,15,True,False,PENDING_APPROVAL,True,19393.92,91,cambio de precio no aprobado con impacto >=1000,ALTO,ALTO,"Score=91; nivel=ALTO; factores: vencimiento=28d, valor=19393.92, acción=PENDING_APPROVAL, evidencia=completa, cambio_precio=solicitado, aprobación=no."
CASE-0330,SKU-6694,Sala 4,51,28,145.81,102.07,30,True,False,PENDING_APPROVAL,True,4082.68,73,cambio de precio no aprobado con impacto >=1000,ALTO,ALTO,"Score=73; nivel=ALTO; factores: vencimiento=51d, valor=4082.68, acción=PENDING_APPROVAL, evidencia=completa, cambio_precio=solicitado, aprobación=no."
CASE-0331,SKU-5909,Sala 12,1,43,138.84,97.19,30,True,True,APPLIED,True,5970.12,65,,ALTO,ALTO,"Score=65; nivel=ALTO; factores: vencimiento=1d, valor=5970.12, acción=APPLIED, evidencia=completa, cambio_precio=solicitado, aprobación=sí."
CASE-0332,SKU-6444,Sala 5,48,58,144.44,101.11,30,True,True,NONE,True,8377.52,64,,ALTO,ALTO,"Score=64; nivel=ALTO; factores: vencimiento=48d, valor=8377.52, acción=NONE, evidencia=completa, cambio_precio=solicitado, aprobación=sí."
CASE-0333,SKU-5368,Sala 1,22,208,147.03,102.92,30,True,True,NONE,True,30582.24,88,vencimiento <=45 días sin acción comercial,ALTO,ALTO,"Score=88; nivel=ALTO; factores: vencimiento=22d, valor=30582.24, acción=NONE, evidencia=completa, cambio_precio=solicitado, aprobación=sí."
CASE-0334,SKU-6499,Sala 16,59,156,56.78,56.78,0,False,False,APPLIED,True,8857.68,49,,MEDIO,MEDIO,"Score=49; nivel=MEDIO; factores: vencimiento=59d, valor=8857.68, acción=APPLIED, evidencia=completa, cambio_precio=no solicitado, aprobación=no."
CASE-0335,SKU-2327,Sala 18,45,71,93.23,93.23,0,False,False,APPLIED,True,6619.33,47,,MEDIO,MEDIO,"Score=47; nivel=MEDIO; factores: vencimiento=45d, valor=6619.33, acción=APPLIED, evidencia=completa, cambio_precio=no solicitado, aprobación=no."
CASE-0336,SKU-9552,Sala 18,30,147,40.39,40.39,0,False,False,PENDING_APPROVAL,True,5937.33,73,,ALTO,ALTO,"Score=73; nivel=ALTO; factores: vencimiento=30d, valor=5937.33, acción=PENDING_APPROVAL, evidencia=completa, cambio_precio=no solicitado, aprobación=no."
CASE-0337,SKU-2907,Sala 3,4,3,18.51,14.81,20,True,False,APPLIED,False,55.53,58,vencimiento <=30 días con evidencia incompleta,ALTO,ALTO,"Score=58; nivel=ALTO; factores: vencimiento=4d, valor=55.53, acción=APPLIED, evidencia=incompleta, cambio_precio=solicitado, aprobación=no."
CASE-0338,SKU-7210,Sala 4,19,70,169.4,169.4,0,False,False,PENDING_APPROVAL,True,11858.0,68,,ALTO,ALTO,"Score=68; nivel=ALTO; factores: vencimiento=19d, valor=11858.0, acción=PENDING_APPROVAL, evidencia=completa, cambio_precio=no solicitado, aprobación=no."
CASE-0339,SKU-3456,Sala 11,29,20,62.97,62.97,0,False,False,APPLIED,True,1259.4,35,,MEDIO,MEDIO,"Score=35; nivel=MEDIO; factores: vencimiento=29d, valor=1259.4, acción=APPLIED, evidencia=completa, cambio_precio=no solicitado, aprobación=no."
CASE-0340,SKU-9269,Sala 14,98,191,81.62,81.62,0,False,False,PENDING_APPROVAL,True,15589.42,50,,MEDIO,MEDIO,"Score=50; nivel=MEDIO; factores: vencimiento=98d, valor=15589.42, acción=PENDING_APPROVAL, evidencia=completa, cambio_precio=no solicitado, aprobación=no."
CASE-0341,SKU-6640,Sala 16,58,167,27.34,27.34,0,False,False,APPLIED,True,4565.78,42,,MEDIO,MEDIO,"Score=42; nivel=MEDIO; factores: vencimiento=58d, valor=4565.78, acción=APPLIED, evidencia=completa, cambio_precio=no solicitado, aprobación=no."
CASE-0342,SKU-6499,Sala 4,46,192,131.51,85.48,35,True,True,APPLIED,True,25249.92,54,,MEDIO,MEDIO,"Score=54; nivel=MEDIO; factores: vencimiento=46d, valor=25249.92, acción=APPLIED, evidencia=completa, cambio_precio=solicitado, aprobación=sí."
CASE-0343,SKU-5128,Sala 8,17,106,42.05,42.05,0,False,False,APPLIED,True,4457.3,51,,MEDIO,MEDIO,"Score=51; nivel=MEDIO; factores: vencimiento=17d, valor=4457.3, acción=APPLIED, evidencia=completa, cambio_precio=no solicitado, aprobación=no."
CASE-0344,SKU-9388,Sala 7,47,85,131.57,111.83,15,True,True,APPLIED,True,11183.45,49,,MEDIO,MEDIO,"Score=49; nivel=MEDIO; factores: vencimiento=47d, valor=11183.45, acción=APPLIED, evidencia=completa, cambio_precio=solicitado, aprobación=sí."
CASE-0345,SKU-1830,Sala 1,18,215,121.77,91.33,25,True,True,NONE,True,26180.55,88,vencimiento <=45 días sin acción comercial,ALTO,ALTO,"Score=88; nivel=ALTO; factores: vencimiento=18d, valor=26180.55, acción=NONE, evidencia=completa, cambio_precio=solicitado, aprobación=sí."
CASE-0346,SKU-9101,Sala 15,26,170,111.02,111.02,0,False,False,PENDING_APPROVAL,True,18873.4,78,,ALTO,ALTO,"Score=78; nivel=ALTO; factores: vencimiento=26d, valor=18873.4, acción=PENDING_APPROVAL, evidencia=completa, cambio_precio=no solicitado, aprobación=no."
CASE-0347,SKU-5658,Sala 11,115,18,111.06,111.06,0,False,False,NONE,False,1999.08,37,,MEDIO,MEDIO,"Score=37; nivel=MEDIO; factores: vencimiento=115d, valor=1999.08, acción=NONE, evidencia=incompleta, cambio_precio=no solicitado, aprobación=no."
CASE-0348,SKU-8195,Sala 4,9,190,68.14,57.92,15,True,False,NONE,True,12946.6,100,vencimiento <=45 días sin acción comercial; cambio de precio no aprobado con impacto >=1000,ALTO,ALTO,"Score=100; nivel=ALTO; factores: vencimiento=9d, valor=12946.6, acción=NONE, evidencia=completa, cambio_precio=solicitado, aprobación=no."
CASE-0349,SKU-6580,Sala 5,1,149,163.41,163.41,0,False,False,APPLIED,True,24348.09,65,,ALTO,ALTO,"Score=65; nivel=ALTO; factores: vencimiento=1d, valor=24348.09, acción=APPLIED, evidencia=completa, cambio_precio=no solicitado, aprobación=no."
CASE-0350,SKU-5491,Sala 12,69,49,107.38,75.17,30,True,False,APPLIED,True,5261.62,58,cambio de precio no aprobado con impacto >=1000,ALTO,ALTO,"Score=58; nivel=ALTO; factores: vencimiento=69d, valor=5261.62, acción=APPLIED, evidencia=completa, cambio_precio=solicitado, aprobación=no."
CASE-0351,SKU-7623,Sala 6,45,153,77.62,77.62,0,False,False,NONE,True,11875.86,77,vencimiento <=45 días sin acción comercial,ALTO,ALTO,"Score=77; nivel=ALTO; factores: vencimiento=45d, valor=11875.86, acción=NONE, evidencia=completa, cambio_precio=no solicitado, aprobación=no."
CASE-0352,SKU-9856,Sala 4,14,182,38.08,34.27,10,True,True,NONE,True,6930.56,95,vencimiento <=45 días sin acción comercial,ALTO,ALTO,"Score=95; nivel=ALTO; factores: vencimiento=14d, valor=6930.56, acción=NONE, evidencia=completa, cambio_precio=solicitado, aprobación=sí."
CASE-0353,SKU-9741,Sala 18,26,20,170.91,119.64,30,True,False,PENDING_APPROVAL,False,3418.2,92,cambio de precio no aprobado con impacto >=1000; vencimiento <=30 días con evidencia incompleta,ALTO,ALTO,"Score=92; nivel=ALTO; factores: vencimiento=26d, valor=3418.2, acción=PENDING_APPROVAL, evidencia=incompleta, cambio_precio=solicitado, aprobación=no."
CASE-0354,SKU-9169,Sala 12,3,35,79.7,79.7,0,False,False,PENDING_APPROVAL,True,2789.5,68,,ALTO,ALTO,"Score=68; nivel=ALTO; factores: vencimiento=3d, valor=2789.5, acción=PENDING_APPROVAL, evidencia=completa, cambio_precio=no solicitado, aprobación=no."
CASE-0355,SKU-6940,Sala 4,7,18,159.08,159.08,0,False,False,PENDING_APPROVAL,True,2863.44,63,,ALTO,ALTO,"Score=63; nivel=ALTO; factores: vencimiento=7d, valor=2863.44, acción=PENDING_APPROVAL, evidencia=completa, cambio_precio=no solicitado, aprobación=no."
CASE-0356,SKU-4708,Sala 12,30,159,54.49,49.04,10,True,False,PENDING_APPROVAL,True,8663.91,96,cambio de precio no aprobado con impacto >=1000,ALTO,ALTO,"Score=96; nivel=ALTO; factores: vencimiento=30d, valor=8663.91, acción=PENDING_APPROVAL, evidencia=completa, cambio_precio=solicitado, aprobación=no."
CASE-0357,SKU-5341,Sala 13,24,22,10.76,10.76,0,False,False,PENDING_APPROVAL,True,236.72,38,,MEDIO,MEDIO,"Score=38; nivel=MEDIO; factores: vencimiento=24d, valor=236.72, acción=PENDING_APPROVAL, evidencia=completa, cambio_precio=no solicitado, aprobación=no."
CASE-0358,SKU-5740,Sala 4,57,150,34.79,34.79,0,False,False,APPLIED,True,5218.5,49,,MEDIO,MEDIO,"Score=49; nivel=MEDIO; factores: vencimiento=57d, valor=5218.5, acción=APPLIED, evidencia=completa, cambio_precio=no solicitado, aprobación=no."
CASE-0359,SKU-2292,Sala 6,17,205,79.31,71.38,10,True,True,PENDING_APPROVAL,False,16258.55,93,vencimiento <=30 días con evidencia incompleta,ALTO,ALTO,"Score=93; nivel=ALTO; factores: vencimiento=17d, valor=16258.55, acción=PENDING_APPROVAL, evidencia=incompleta, cambio_precio=solicitado, aprobación=sí."
CASE-0360,SKU-1721,Sala 10,69,40,94.9,56.94,40,True,True,NONE,True,3796.0,50,,MEDIO,MEDIO,"Score=50; nivel=MEDIO; factores: vencimiento=69d, valor=3796.0, acción=NONE, evidencia=completa, cambio_precio=solicitado, aprobación=sí."
CASE-0361,SKU-4728,Sala 2,25,27,92.64,92.64,0,False,False,NONE,True,2501.28,66,vencimiento <=45 días sin acción comercial,ALTO,ALTO,"Score=66; nivel=ALTO; factores: vencimiento=25d, valor=2501.28, acción=NONE, evidencia=completa, cambio_precio=no solicitado, aprobación=no."
CASE-0362,SKU-4931,Sala 14,8,75,158.57,95.14,40,True,True,NONE,True,11892.75,90,vencimiento <=45 días sin acción comercial,ALTO,ALTO,"Score=90; nivel=ALTO; factores: vencimiento=8d, valor=11892.75, acción=NONE, evidencia=completa, cambio_precio=solicitado, aprobación=sí."
CASE-0363,SKU-4586,Sala 6,12,162,146.02,131.42,10,True,False,NONE,True,23655.24,100,vencimiento <=45 días sin acción comercial; cambio de precio no aprobado con impacto >=1000,ALTO,ALTO,"Score=100; nivel=ALTO; factores: vencimiento=12d, valor=23655.24, acción=NONE, evidencia=completa, cambio_precio=solicitado, aprobación=no."
CASE-0364,SKU-2842,Sala 3,22,117,107.78,107.78,0,False,False,NONE,True,12610.26,78,vencimiento <=45 días sin acción comercial,ALTO,ALTO,"Score=78; nivel=ALTO; factores: vencimiento=22d, valor=12610.26, acción=NONE, evidencia=completa, cambio_precio=no solicitado, aprobación=no."
CASE-0365,SKU-4029,Sala 9,62,147,23.74,23.74,0,False,False,NONE,True,3489.78,50,,MEDIO,MEDIO,"Score=50; nivel=MEDIO; factores: vencimiento=62d, valor=3489.78, acción=NONE, evidencia=completa, cambio_precio=no solicitado, aprobación=no."
CASE-0366,SKU-6387,Sala 2,72,119,80.65,76.62,5,True,True,NONE,True,9597.35,62,,ALTO,ALTO,"Score=62; nivel=ALTO; factores: vencimiento=72d, valor=9597.35, acción=NONE, evidencia=completa, cambio_precio=solicitado, aprobación=sí."
CASE-0367,SKU-1529,Sala 7,19,18,23.06,23.06,0,False,False,APPLIED,True,415.08,23,,BAJO,BAJO,"Score=23; nivel=BAJO; factores: vencimiento=19d, valor=415.08, acción=APPLIED, evidencia=completa, cambio_precio=no solicitado, aprobación=no."
CASE-0368,SKU-2698,Sala 13,43,44,158.84,150.9,5,True,True,NONE,True,6988.96,72,vencimiento <=45 días sin acción comercial,ALTO,ALTO,"Score=72; nivel=ALTO; factores: vencimiento=43d, valor=6988.96, acción=NONE, evidencia=completa, cambio_precio=solicitado, aprobación=sí."
CASE-0369,SKU-5486,Sala 12,12,28,165.05,165.05,0,False,False,APPLIED,True,4621.4,53,,MEDIO,MEDIO,"Score=53; nivel=MEDIO; factores: vencimiento=12d, valor=4621.4, acción=APPLIED, evidencia=completa, cambio_precio=no solicitado, aprobación=no."
CASE-0370,SKU-2968,Sala 5,22,132,110.47,110.47,0,False,False,NONE,True,14582.04,78,vencimiento <=45 días sin acción comercial,ALTO,ALTO,"Score=78; nivel=ALTO; factores: vencimiento=22d, valor=14582.04, acción=NONE, evidencia=completa, cambio_precio=no solicitado, aprobación=no."
CASE-0371,SKU-5814,Sala 14,77,207,32.42,32.42,0,False,False,APPLIED,True,6710.94,42,,MEDIO,MEDIO,"Score=42; nivel=MEDIO; factores: vencimiento=77d, valor=6710.94, acción=APPLIED, evidencia=completa, cambio_precio=no solicitado, aprobación=no."
CASE-0372,SKU-5386,Sala 7,79,50,119.39,119.39,0,False,False,APPLIED,True,5969.5,32,,MEDIO,MEDIO,"Score=32; nivel=MEDIO; factores: vencimiento=79d, valor=5969.5, acción=APPLIED, evidencia=completa, cambio_precio=no solicitado, aprobación=no."
CASE-0373,SKU-7534,Sala 4,13,77,17.18,15.46,10,True,False,PENDING_APPROVAL,True,1322.86,85,cambio de precio no aprobado con impacto >=1000,ALTO,ALTO,"Score=85; nivel=ALTO; factores: vencimiento=13d, valor=1322.86, acción=PENDING_APPROVAL, evidencia=completa, cambio_precio=solicitado, aprobación=no."
CASE-0374,SKU-2193,Sala 15,100,95,32.14,30.53,5,True,True,PENDING_APPROVAL,True,3053.3,43,,MEDIO,MEDIO,"Score=43; nivel=MEDIO; factores: vencimiento=100d, valor=3053.3, acción=PENDING_APPROVAL, evidencia=completa, cambio_precio=solicitado, aprobación=sí."
CASE-0375,SKU-7790,Sala 1,53,49,149.16,126.79,15,True,False,NONE,False,7308.84,87,cambio de precio no aprobado con impacto >=1000,ALTO,ALTO,"Score=87; nivel=ALTO; factores: vencimiento=53d, valor=7308.84, acción=NONE, evidencia=incompleta, cambio_precio=solicitado, aprobación=no."
CASE-0376,SKU-4927,Sala 5,13,207,45.18,45.18,0,False,False,NONE,False,9352.26,100,vencimiento <=45 días sin acción comercial; vencimiento <=30 días con evidencia incompleta,ALTO,ALTO,"Score=100; nivel=ALTO; factores: vencimiento=13d, valor=9352.26, acción=NONE, evidencia=incompleta, cambio_precio=no solicitado, aprobación=no."
CASE-0377,SKU-1271,Sala 12,49,125,82.11,69.79,15,True,True,APPLIED,True,10263.75,49,,MEDIO,MEDIO,"Score=49; nivel=MEDIO; factores: vencimiento=49d, valor=10263.75, acción=APPLIED, evidencia=completa, cambio_precio=solicitado, aprobación=sí."
CASE-0378,SKU-4835,Sala 15,106,73,143.37,143.37,0,False,False,PENDING_APPROVAL,False,10466.01,50,,MEDIO,MEDIO,"Score=50; nivel=MEDIO; factores: vencimiento=106d, valor=10466.01, acción=PENDING_APPROVAL, evidencia=incompleta, cambio_precio=no solicitado, aprobación=no."
CASE-0379,SKU-3208,Sala 2,16,174,48.1,36.08,25,True,False,PENDING_APPROVAL,True,8369.4,96,cambio de precio no aprobado con impacto >=1000,ALTO,ALTO,"Score=96; nivel=ALTO; factores: vencimiento=16d, valor=8369.4, acción=PENDING_APPROVAL, evidencia=completa, cambio_precio=solicitado, aprobación=no."
CASE-0380,SKU-6551,Sala 4,71,141,167.31,167.31,0,False,False,APPLIED,True,23590.71,37,,MEDIO,MEDIO,"Score=37; nivel=MEDIO; factores: vencimiento=71d, valor=23590.71, acción=APPLIED, evidencia=completa, cambio_precio=no solicitado, aprobación=no."
CASE-0381,SKU-3496,Sala 8,61,8,158.78,134.96,15,True,False,APPLIED,True,1270.24,32,cambio de precio no aprobado con impacto >=1000,ALTO,ALTO,"Score=32; nivel=ALTO; factores: vencimiento=61d, valor=1270.24, acción=APPLIED, evidencia=completa, cambio_precio=solicitado, aprobación=no."
CASE-0382,SKU-3361,Sala 8,3,92,98.53,98.53,0,False,False,PENDING_APPROVAL,True,9064.76,80,,ALTO,ALTO,"Score=80; nivel=ALTO; factores: vencimiento=3d, valor=9064.76, acción=PENDING_APPROVAL, evidencia=completa, cambio_precio=no solicitado, aprobación=no."
CASE-0383,SKU-2033,Sala 14,17,78,61.73,61.73,0,False,False,PENDING_APPROVAL,True,4814.94,66,,ALTO,ALTO,"Score=66; nivel=ALTO; factores: vencimiento=17d, valor=4814.94, acción=PENDING_APPROVAL, evidencia=completa, cambio_precio=no solicitado, aprobación=no."
CASE-0384,SKU-9861,Sala 16,115,45,179.14,143.31,20,True,True,PENDING_APPROVAL,True,8061.3,45,,MEDIO,MEDIO,"Score=45; nivel=MEDIO; factores: vencimiento=115d, valor=8061.3, acción=PENDING_APPROVAL, evidencia=completa, cambio_precio=solicitado, aprobación=sí."
CASE-0385,SKU-6691,Sala 8,54,23,140.68,140.68,0,False,False,APPLIED,True,3235.64,27,,BAJO,BAJO,"Score=27; nivel=BAJO; factores: vencimiento=54d, valor=3235.64, acción=APPLIED, evidencia=completa, cambio_precio=no solicitado, aprobación=no."
CASE-0386,SKU-1004,Sala 1,70,163,67.96,64.56,5,True,True,PENDING_APPROVAL,False,11077.48,72,,ALTO,ALTO,"Score=72; nivel=ALTO; factores: vencimiento=70d, valor=11077.48, acción=PENDING_APPROVAL, evidencia=incompleta, cambio_precio=solicitado, aprobación=sí."
CASE-0387,SKU-9570,Sala 2,39,182,148.35,118.68,20,True,True,APPLIED,True,26999.7,62,,ALTO,ALTO,"Score=62; nivel=ALTO; factores: vencimiento=39d, valor=26999.7, acción=APPLIED, evidencia=completa, cambio_precio=solicitado, aprobación=sí."
CASE-0388,SKU-5316,Sala 1,35,21,70.36,49.25,30,True,True,PENDING_APPROVAL,True,1477.56,49,,MEDIO,MEDIO,"Score=49; nivel=MEDIO; factores: vencimiento=35d, valor=1477.56, acción=PENDING_APPROVAL, evidencia=completa, cambio_precio=solicitado, aprobación=sí."
CASE-0389,SKU-3003,Sala 8,3,114,103.79,67.46,35,True,False,PENDING_APPROVAL,True,11832.06,100,cambio de precio no aprobado con impacto >=1000,ALTO,ALTO,"Score=100; nivel=ALTO; factores: vencimiento=3d, valor=11832.06, acción=PENDING_APPROVAL, evidencia=completa, cambio_precio=solicitado, aprobación=no."
CASE-0390,SKU-2025,Sala 10,52,174,116.48,116.48,0,False,False,PENDING_APPROVAL,True,20267.52,64,,ALTO,ALTO,"Score=64; nivel=ALTO; factores: vencimiento=52d, valor=20267.52, acción=PENDING_APPROVAL, evidencia=completa, cambio_precio=no solicitado, aprobación=no."
CASE-0391,SKU-1059,Sala 13,114,176,38.39,38.39,0,False,False,PENDING_APPROVAL,True,6756.64,50,,MEDIO,MEDIO,"Score=50; nivel=MEDIO; factores: vencimiento=114d, valor=6756.64, acción=PENDING_APPROVAL, evidencia=completa, cambio_precio=no solicitado, aprobación=no."
CASE-0392,SKU-8657,Sala 4,98,148,162.31,129.85,20,True,True,PENDING_APPROVAL,True,24021.88,50,,MEDIO,MEDIO,"Score=50; nivel=MEDIO; factores: vencimiento=98d, valor=24021.88, acción=PENDING_APPROVAL, evidencia=completa, cambio_precio=solicitado, aprobación=sí."
CASE-0393,SKU-7174,Sala 8,4,129,138.67,83.2,40,True,True,PENDING_APPROVAL,True,17888.43,85,,ALTO,ALTO,"Score=85; nivel=ALTO; factores: vencimiento=4d, valor=17888.43, acción=PENDING_APPROVAL, evidencia=completa, cambio_precio=solicitado, aprobación=sí."
CASE-0394,SKU-7006,Sala 11,15,87,26.98,24.28,10,True,False,PENDING_APPROVAL,True,2347.26,85,cambio de precio no aprobado con impacto >=1000,ALTO,ALTO,"Score=85; nivel=ALTO; factores: vencimiento=15d, valor=2347.26, acción=PENDING_APPROVAL, evidencia=completa, cambio_precio=solicitado, aprobación=no."
CASE-0395,SKU-1400,Sala 5,92,53,148.36,148.36,0,False,False,PENDING_APPROVAL,True,7863.08,40,,MEDIO,MEDIO,"Score=40; nivel=MEDIO; factores: vencimiento=92d, valor=7863.08, acción=PENDING_APPROVAL, evidencia=completa, cambio_precio=no solicitado, aprobación=no."
CASE-0396,SKU-6213,Sala 15,31,115,160.51,160.51,0,False,False,NONE,True,18458.65,72,vencimiento <=45 días sin acción comercial,ALTO,ALTO,"Score=72; nivel=ALTO; factores: vencimiento=31d, valor=18458.65, acción=NONE, evidencia=completa, cambio_precio=no solicitado, aprobación=no."
CASE-0397,SKU-3520,Sala 8,22,121,26.9,26.9,0,False,False,PENDING_APPROVAL,True,3254.9,66,,ALTO,ALTO,"Score=66; nivel=ALTO; factores: vencimiento=22d, valor=3254.9, acción=PENDING_APPROVAL, evidencia=completa, cambio_precio=no solicitado, aprobación=no."
CASE-0398,SKU-3253,Sala 9,50,189,129.66,129.66,0,False,False,PENDING_APPROVAL,False,24505.74,74,,ALTO,ALTO,"Score=74; nivel=ALTO; factores: vencimiento=50d, valor=24505.74, acción=PENDING_APPROVAL, evidencia=incompleta, cambio_precio=no solicitado, aprobación=no."
CASE-0399,SKU-3481,Sala 15,116,70,19.91,19.91,0,False,False,PENDING_APPROVAL,True,1393.7,27,,BAJO,BAJO,"Score=27; nivel=BAJO; factores: vencimiento=116d, valor=1393.7, acción=PENDING_APPROVAL, evidencia=completa, cambio_precio=no solicitado, aprobación=no."
CASE-0400,SKU-2419,Sala 5,93,67,21.05,14.73,30,True,True,PENDING_APPROVAL,True,1410.35,32,,MEDIO,MEDIO,"Score=32; nivel=MEDIO; factores: vencimiento=93d, valor=1410.35, acción=PENDING_APPROVAL, evidencia=completa, cambio_precio=solicitado, aprobación=sí."
CASE-0401,SKU-3684,Sala 13,48,178,142.81,142.81,0,False,False,PENDING_APPROVAL,False,25420.18,74,,ALTO,ALTO,"Score=74; nivel=ALTO; factores: vencimiento=48d, valor=25420.18, acción=PENDING_APPROVAL, evidencia=incompleta, cambio_precio=no solicitado, aprobación=no."
CASE-0402,SKU-4175,Sala 5,61,90,49.43,49.43,0,False,False,APPLIED,True,4448.7,30,,MEDIO,BAJO,"Score=30; nivel=BAJO; factores: vencimiento=61d, valor=4448.7, acción=APPLIED, evidencia=completa, cambio_precio=no solicitado, aprobación=no."
CASE-0403,SKU-3951,Sala 7,99,137,118.37,118.37,0,False,False,APPLIED,True,16216.69,30,,MEDIO,MEDIO,"Score=30; nivel=MEDIO; factores: vencimiento=99d, valor=16216.69, acción=APPLIED, evidencia=completa, cambio_precio=no solicitado, aprobación=no."
CASE-0404,SKU-9661,Sala 2,27,74,151.14,113.35,25,True,True,PENDING_APPROVAL,True,11184.36,73,,ALTO,ALTO,"Score=73; nivel=ALTO; factores: vencimiento=27d, valor=11184.36, acción=PENDING_APPROVAL, evidencia=completa, cambio_precio=solicitado, aprobación=sí."
CASE-0405,SKU-7600,Sala 7,55,10,166.74,166.74,0,False,False,APPLIED,True,1667.4,21,,BAJO,BAJO,"Score=21; nivel=BAJO; factores: vencimiento=55d, valor=1667.4, acción=APPLIED, evidencia=completa, cambio_precio=no solicitado, aprobación=no."
CASE-0406,SKU-6855,Sala 12,9,130,114.86,114.86,0,False,False,NONE,False,14931.8,95,vencimiento <=45 días sin acción comercial; vencimiento <=30 días con evidencia incompleta,ALTO,ALTO,"Score=95; nivel=ALTO; factores: vencimiento=9d, valor=14931.8, acción=NONE, evidencia=incompleta, cambio_precio=no solicitado, aprobación=no."
CASE-0407,SKU-6484,Sala 10,2,150,70.72,45.97,35,True,True,PENDING_APPROVAL,True,10608.0,90,,ALTO,ALTO,"Score=90; nivel=ALTO; factores: vencimiento=2d, valor=10608.0, acción=PENDING_APPROVAL, evidencia=completa, cambio_precio=solicitado, aprobación=sí."
CASE-0408,SKU-8333,Sala 18,44,140,120.92,120.92,0,False,False,NONE,True,16928.8,72,vencimiento <=45 días sin acción comercial,ALTO,ALTO,"Score=72; nivel=ALTO; factores: vencimiento=44d, valor=16928.8, acción=NONE, evidencia=completa, cambio_precio=no solicitado, aprobación=no."
CASE-0409,SKU-5549,Sala 5,73,56,118.99,118.99,0,False,False,NONE,True,6663.44,52,,MEDIO,MEDIO,"Score=52; nivel=MEDIO; factores: vencimiento=73d, valor=6663.44, acción=NONE, evidencia=completa, cambio_precio=no solicitado, aprobación=no."
CASE-0410,SKU-4243,Sala 4,22,13,79.73,79.73,0,False,False,NONE,True,1036.49,55,vencimiento <=45 días sin acción comercial,ALTO,ALTO,"Score=55; nivel=ALTO; factores: vencimiento=22d, valor=1036.49, acción=NONE, evidencia=completa, cambio_precio=no solicitado, aprobación=no."
CASE-0411,SKU-9239,Sala 7,45,25,87.52,61.26,30,True,False,APPLIED,True,2188.0,60,cambio de precio no aprobado con impacto >=1000,ALTO,ALTO,"Score=60; nivel=ALTO; factores: vencimiento=45d, valor=2188.0, acción=APPLIED, evidencia=completa, cambio_precio=solicitado, aprobación=no."
CASE-0412,SKU-9373,Sala 10,39,212,25.13,25.13,0,False,False,APPLIED,True,5327.56,57,,MEDIO,MEDIO,"Score=57; nivel=MEDIO; factores: vencimiento=39d, valor=5327.56, acción=APPLIED, evidencia=completa, cambio_precio=no solicitado, aprobación=no."
CASE-0413,SKU-1514,Sala 1,73,157,12.82,7.69,40,True,True,PENDING_APPROVAL,True,2012.74,49,,MEDIO,MEDIO,"Score=49; nivel=MEDIO; factores: vencimiento=73d, valor=2012.74, acción=PENDING_APPROVAL, evidencia=completa, cambio_precio=solicitado, aprobación=sí."
CASE-0414,SKU-4721,Sala 4,12,4,114.3,114.3,0,False,False,PENDING_APPROVAL,True,457.2,45,,MEDIO,MEDIO,"Score=45; nivel=MEDIO; factores: vencimiento=12d, valor=457.2, acción=PENDING_APPROVAL, evidencia=completa, cambio_precio=no solicitado, aprobación=no."
CASE-0415,SKU-2151,Sala 8,25,121,156.86,149.02,5,True,True,PENDING_APPROVAL,True,18980.06,78,,ALTO,ALTO,"Score=78; nivel=ALTO; factores: vencimiento=25d, valor=18980.06, acción=PENDING_APPROVAL, evidencia=completa, cambio_precio=solicitado, aprobación=sí."
CASE-0416,SKU-4902,Sala 6,97,6,128.34,96.25,25,True,True,NONE,True,770.04,26,,BAJO,BAJO,"Score=26; nivel=BAJO; factores: vencimiento=97d, valor=770.04, acción=NONE, evidencia=completa, cambio_precio=solicitado, aprobación=sí."
CASE-0417,SKU-7612,Sala 6,25,194,174.16,148.04,15,True,False,APPLIED,True,33787.04,81,cambio de precio no aprobado con impacto >=1000,ALTO,ALTO,"Score=81; nivel=ALTO; factores: vencimiento=25d, valor=33787.04, acción=APPLIED, evidencia=completa, cambio_precio=solicitado, aprobación=no."
CASE-0418,SKU-7010,Sala 12,7,180,59.1,56.14,5,True,True,PENDING_APPROVAL,True,10638.0,90,,ALTO,ALTO,"Score=90; nivel=ALTO; factores: vencimiento=7d, valor=10638.0, acción=PENDING_APPROVAL, evidencia=completa, cambio_precio=solicitado, aprobación=sí."
CASE-0419,SKU-8784,Sala 9,57,84,29.63,23.7,20,True,True,NONE,True,2488.92,56,,MEDIO,MEDIO,"Score=56; nivel=MEDIO; factores: vencimiento=57d, valor=2488.92, acción=NONE, evidencia=completa, cambio_precio=solicitado, aprobación=sí."
CASE-0420,SKU-6573,Sala 15,31,52,154.6,100.49,35,True,True,APPLIED,True,8039.2,52,,MEDIO,MEDIO,"Score=52; nivel=MEDIO; factores: vencimiento=31d, valor=8039.2, acción=APPLIED, evidencia=completa, cambio_precio=solicitado, aprobación=sí."
CASE-0421,SKU-7179,Sala 8,9,208,16.28,16.28,0,False,False,APPLIED,True,3386.24,63,,ALTO,ALTO,"Score=63; nivel=ALTO; factores: vencimiento=9d, valor=3386.24, acción=APPLIED, evidencia=completa, cambio_precio=no solicitado, aprobación=no."
CASE-0422,SKU-7958,Sala 6,20,84,43.41,43.41,0,False,False,APPLIED,True,3646.44,51,,MEDIO,MEDIO,"Score=51; nivel=MEDIO; factores: vencimiento=20d, valor=3646.44, acción=APPLIED, evidencia=completa, cambio_precio=no solicitado, aprobación=no."
CASE-0423,SKU-6432,Sala 9,68,162,171.81,163.22,5,True,True,APPLIED,True,27833.22,47,,MEDIO,MEDIO,"Score=47; nivel=MEDIO; factores: vencimiento=68d, valor=27833.22, acción=APPLIED, evidencia=completa, cambio_precio=solicitado, aprobación=sí."
CASE-0424,SKU-5436,Sala 4,47,92,44.46,26.68,40,True,True,PENDING_APPROVAL,True,4090.32,57,,MEDIO,MEDIO,"Score=57; nivel=MEDIO; factores: vencimiento=47d, valor=4090.32, acción=PENDING_APPROVAL, evidencia=completa, cambio_precio=solicitado, aprobación=sí."
CASE-0425,SKU-1263,Sala 7,60,165,21.75,16.31,25,True,True,PENDING_APPROVAL,True,3588.75,62,,ALTO,ALTO,"Score=62; nivel=ALTO; factores: vencimiento=60d, valor=3588.75, acción=PENDING_APPROVAL, evidencia=completa, cambio_precio=solicitado, aprobación=sí."
CASE-0426,SKU-7261,Sala 10,13,26,149.13,126.76,15,True,True,APPLIED,False,3877.38,68,vencimiento <=30 días con evidencia incompleta,ALTO,ALTO,"Score=68; nivel=ALTO; factores: vencimiento=13d, valor=3877.38, acción=APPLIED, evidencia=incompleta, cambio_precio=solicitado, aprobación=sí."
CASE-0427,SKU-3857,Sala 3,43,51,147.83,96.09,35,True,False,PENDING_APPROVAL,True,7539.33,88,cambio de precio no aprobado con impacto >=1000,ALTO,ALTO,"Score=88; nivel=ALTO; factores: vencimiento=43d, valor=7539.33, acción=PENDING_APPROVAL, evidencia=completa, cambio_precio=solicitado, aprobación=no."
CASE-0428,SKU-9076,Sala 13,7,131,55.33,41.5,25,True,True,NONE,False,7248.23,100,vencimiento <=45 días sin acción comercial; vencimiento <=30 días con evidencia incompleta,ALTO,ALTO,"Score=100; nivel=ALTO; factores: vencimiento=7d, valor=7248.23, acción=NONE, evidencia=incompleta, cambio_precio=solicitado, aprobación=sí."
CASE-0429,SKU-5020,Sala 8,72,46,95.85,57.51,40,True,True,PENDING_APPROVAL,True,4409.1,45,,MEDIO,MEDIO,"Score=45; nivel=MEDIO; factores: vencimiento=72d, valor=4409.1, acción=PENDING_APPROVAL, evidencia=completa, cambio_precio=solicitado, aprobación=sí."
CASE-0430,SKU-8550,Sala 8,103,88,150.87,150.87,0,False,False,APPLIED,True,13276.56,30,,MEDIO,MEDIO,"Score=30; nivel=MEDIO; factores: vencimiento=103d, valor=13276.56, acción=APPLIED, evidencia=completa, cambio_precio=no solicitado, aprobación=no."
CASE-0431,SKU-7313,Sala 14,1,96,171.11,171.11,0,False,False,APPLIED,True,16426.56,65,,ALTO,ALTO,"Score=65; nivel=ALTO; factores: vencimiento=1d, valor=16426.56, acción=APPLIED, evidencia=completa, cambio_precio=no solicitado, aprobación=no."
CASE-0432,SKU-5888,Sala 11,69,6,96.23,76.98,20,True,True,APPLIED,True,577.38,13,,BAJO,BAJO,"Score=13; nivel=BAJO; factores: vencimiento=69d, valor=577.38, acción=APPLIED, evidencia=completa, cambio_precio=solicitado, aprobación=sí."
CASE-0433,SKU-1605,Sala 4,54,133,115.57,80.9,30,True,True,NONE,True,15370.81,69,,ALTO,ALTO,"Score=69; nivel=ALTO; factores: vencimiento=54d, valor=15370.81, acción=NONE, evidencia=completa, cambio_precio=solicitado, aprobación=sí."
CASE-0434,SKU-2431,Sala 13,45,128,63.38,57.04,10,True,True,APPLIED,True,8112.64,57,,MEDIO,MEDIO,"Score=57; nivel=MEDIO; factores: vencimiento=45d, valor=8112.64, acción=APPLIED, evidencia=completa, cambio_precio=solicitado, aprobación=sí."
CASE-0435,SKU-8332,Sala 4,22,157,101.82,81.46,20,True,False,NONE,True,15985.74,100,vencimiento <=45 días sin acción comercial; cambio de precio no aprobado con impacto >=1000,ALTO,ALTO,"Score=100; nivel=ALTO; factores: vencimiento=22d, valor=15985.74, acción=NONE, evidencia=completa, cambio_precio=solicitado, aprobación=no."
CASE-0436,SKU-2584,Sala 7,61,151,136.02,108.82,20,True,False,NONE,True,20539.02,80,cambio de precio no aprobado con impacto >=1000,ALTO,ALTO,"Score=80; nivel=ALTO; factores: vencimiento=61d, valor=20539.02, acción=NONE, evidencia=completa, cambio_precio=solicitado, aprobación=no."
CASE-0437,SKU-9702,Sala 13,49,146,46.01,46.01,0,False,False,NONE,False,6717.46,74,,ALTO,ALTO,"Score=74; nivel=ALTO; factores: vencimiento=49d, valor=6717.46, acción=NONE, evidencia=incompleta, cambio_precio=no solicitado, aprobación=no."
CASE-0438,SKU-3119,Sala 1,43,154,126.33,113.7,10,True,True,PENDING_APPROVAL,False,19454.82,87,,ALTO,ALTO,"Score=87; nivel=ALTO; factores: vencimiento=43d, valor=19454.82, acción=PENDING_APPROVAL, evidencia=incompleta, cambio_precio=solicitado, aprobación=sí."
CASE-0439,SKU-5426,Sala 12,44,47,161.3,145.17,10,True,True,APPLIED,True,7581.1,52,,MEDIO,MEDIO,"Score=52; nivel=MEDIO; factores: vencimiento=44d, valor=7581.1, acción=APPLIED, evidencia=completa, cambio_precio=solicitado, aprobación=sí."
CASE-0440,SKU-3375,Sala 12,14,209,83.06,66.45,20,True,False,NONE,True,17359.54,100,vencimiento <=45 días sin acción comercial; cambio de precio no aprobado con impacto >=1000,ALTO,ALTO,"Score=100; nivel=ALTO; factores: vencimiento=14d, valor=17359.54, acción=NONE, evidencia=completa, cambio_precio=solicitado, aprobación=no."
CASE-0441,SKU-3721,Sala 18,44,85,136.31,81.79,40,True,True,APPLIED,True,11586.35,57,,MEDIO,MEDIO,"Score=57; nivel=MEDIO; factores: vencimiento=44d, valor=11586.35, acción=APPLIED, evidencia=completa, cambio_precio=solicitado, aprobación=sí."
CASE-0442,SKU-6667,Sala 14,1,198,97.62,68.33,30,True,True,PENDING_APPROVAL,True,19328.76,90,,ALTO,ALTO,"Score=90; nivel=ALTO; factores: vencimiento=1d, valor=19328.76, acción=PENDING_APPROVAL, evidencia=completa, cambio_precio=solicitado, aprobación=sí."
CASE-0443,SKU-7342,Sala 6,24,66,94.65,56.79,40,True,True,PENDING_APPROVAL,True,6246.9,73,,ALTO,ALTO,"Score=73; nivel=ALTO; factores: vencimiento=24d, valor=6246.9, acción=PENDING_APPROVAL, evidencia=completa, cambio_precio=solicitado, aprobación=sí."
CASE-0444,SKU-9718,Sala 15,100,34,100.25,80.2,20,True,False,PENDING_APPROVAL,True,3408.5,51,cambio de precio no aprobado con impacto >=1000,ALTO,ALTO,"Score=51; nivel=ALTO; factores: vencimiento=100d, valor=3408.5, acción=PENDING_APPROVAL, evidencia=completa, cambio_precio=solicitado, aprobación=no."
CASE-0445,SKU-5793,Sala 12,56,103,134.05,100.54,25,True,True,APPLIED,True,13807.15,49,,MEDIO,MEDIO,"Score=49; nivel=MEDIO; factores: vencimiento=56d, valor=13807.15, acción=APPLIED, evidencia=completa, cambio_precio=solicitado, aprobación=sí."
CASE-0446,SKU-6255,Sala 1,3,140,15.38,10.77,30,True,True,NONE,True,2153.2,77,vencimiento <=45 días sin acción comercial,ALTO,ALTO,"Score=77; nivel=ALTO; factores: vencimiento=3d, valor=2153.2, acción=NONE, evidencia=completa, cambio_precio=solicitado, aprobación=sí."
CASE-0447,SKU-1340,Sala 2,36,164,141.08,141.08,0,False,False,APPLIED,True,23137.12,57,,MEDIO,MEDIO,"Score=57; nivel=MEDIO; factores: vencimiento=36d, valor=23137.12, acción=APPLIED, evidencia=completa, cambio_precio=no solicitado, aprobación=no."
CASE-0448,SKU-9136,Sala 11,20,116,115.23,115.23,0,False,False,APPLIED,True,13366.68,58,,MEDIO,MEDIO,"Score=58; nivel=MEDIO; factores: vencimiento=20d, valor=13366.68, acción=APPLIED, evidencia=completa, cambio_precio=no solicitado, aprobación=no."
CASE-0449,SKU-3350,Sala 17,16,170,25.64,21.79,15,True,True,APPLIED,True,4358.8,61,,ALTO,ALTO,"Score=61; nivel=ALTO; factores: vencimiento=16d, valor=4358.8, acción=APPLIED, evidencia=completa, cambio_precio=solicitado, aprobación=sí."
CASE-0450,SKU-5988,Sala 17,12,175,57.13,37.13,35,True,True,APPLIED,True,9997.75,75,,ALTO,ALTO,"Score=75; nivel=ALTO; factores: vencimiento=12d, valor=9997.75, acción=APPLIED, evidencia=completa, cambio_precio=solicitado, aprobación=sí."
CASE-0451,SKU-7944,Sala 10,44,68,50.69,40.55,20,True,True,PENDING_APPROVAL,True,3446.92,60,,ALTO,ALTO,"Score=60; nivel=ALTO; factores: vencimiento=44d, valor=3446.92, acción=PENDING_APPROVAL, evidencia=completa, cambio_precio=solicitado, aprobación=sí."
CASE-0452,SKU-5596,Sala 7,59,216,90.96,90.96,0,False,False,NONE,True,19647.36,69,,ALTO,ALTO,"Score=69; nivel=ALTO; factores: vencimiento=59d, valor=19647.36, acción=NONE, evidencia=completa, cambio_precio=no solicitado, aprobación=no."
CASE-0453,SKU-7936,Sala 3,58,107,87.05,56.58,35,True,True,APPLIED,True,9314.35,49,,MEDIO,MEDIO,"Score=49; nivel=MEDIO; factores: vencimiento=58d, valor=9314.35, acción=APPLIED, evidencia=completa, cambio_precio=solicitado, aprobación=sí."
CASE-0454,SKU-9544,Sala 2,48,125,79.92,59.94,25,True,True,NONE,True,9990.0,69,,ALTO,ALTO,"Score=69; nivel=ALTO; factores: vencimiento=48d, valor=9990.0, acción=NONE, evidencia=completa, cambio_precio=solicitado, aprobación=sí."
CASE-0455,SKU-1125,Sala 8,117,79,83.14,58.2,30,True,True,PENDING_APPROVAL,True,6568.06,50,,MEDIO,MEDIO,"Score=50; nivel=MEDIO; factores: vencimiento=117d, valor=6568.06, acción=PENDING_APPROVAL, evidencia=completa, cambio_precio=solicitado, aprobación=sí."
CASE-0456,SKU-8869,Sala 9,43,171,137.09,137.09,0,False,False,NONE,False,23442.39,87,vencimiento <=45 días sin acción comercial,ALTO,ALTO,"Score=87; nivel=ALTO; factores: vencimiento=43d, valor=23442.39, acción=NONE, evidencia=incompleta, cambio_precio=no solicitado, aprobación=no."
CASE-0457,SKU-7219,Sala 15,47,182,115.37,115.37,0,False,False,PENDING_APPROVAL,True,20997.34,64,,ALTO,ALTO,"Score=64; nivel=ALTO; factores: vencimiento=47d, valor=20997.34, acción=PENDING_APPROVAL, evidencia=completa, cambio_precio=no solicitado, aprobación=no."
CASE-0458,SKU-1944,Sala 16,9,76,58.48,43.86,25,True,False,APPLIED,True,4444.48,76,cambio de precio no aprobado con impacto >=1000,ALTO,ALTO,"Score=76; nivel=ALTO; factores: vencimiento=9d, valor=4444.48, acción=APPLIED, evidencia=completa, cambio_precio=solicitado, aprobación=no."
CASE-0459,SKU-7804,Sala 17,56,175,62.98,62.98,0,False,False,NONE,False,11021.5,79,,ALTO,ALTO,"Score=79; nivel=ALTO; factores: vencimiento=56d, valor=11021.5, acción=NONE, evidencia=incompleta, cambio_precio=no solicitado, aprobación=no."
CASE-0460,SKU-8760,Sala 6,22,220,52.03,33.82,35,True,True,NONE,True,11446.6,88,vencimiento <=45 días sin acción comercial,ALTO,ALTO,"Score=88; nivel=ALTO; factores: vencimiento=22d, valor=11446.6, acción=NONE, evidencia=completa, cambio_precio=solicitado, aprobación=sí."
CASE-0461,SKU-8979,Sala 5,10,208,126.74,126.74,0,False,False,PENDING_APPROVAL,True,26361.92,85,,ALTO,ALTO,"Score=85; nivel=ALTO; factores: vencimiento=10d, valor=26361.92, acción=PENDING_APPROVAL, evidencia=completa, cambio_precio=no solicitado, aprobación=no."
CASE-0462,SKU-1455,Sala 1,16,75,162.46,138.09,15,True,True,PENDING_APPROVAL,True,12184.5,78,,ALTO,ALTO,"Score=78; nivel=ALTO; factores: vencimiento=16d, valor=12184.5, acción=PENDING_APPROVAL, evidencia=completa, cambio_precio=solicitado, aprobación=sí."
CASE-0463,SKU-8099,Sala 5,37,62,38.41,38.41,0,False,False,PENDING_APPROVAL,True,2381.42,49,,MEDIO,MEDIO,"Score=49; nivel=MEDIO; factores: vencimiento=37d, valor=2381.42, acción=PENDING_APPROVAL, evidencia=completa, cambio_precio=no solicitado, aprobación=no."
CASE-0464,SKU-5781,Sala 7,9,180,46.46,44.14,5,True,True,APPLIED,False,8362.8,85,vencimiento <=30 días con evidencia incompleta,ALTO,ALTO,"Score=85; nivel=ALTO; factores: vencimiento=9d, valor=8362.8, acción=APPLIED, evidencia=incompleta, cambio_precio=solicitado, aprobación=sí."
CASE-0465,SKU-5034,Sala 16,13,215,101.2,96.14,5,True,True,APPLIED,True,21758.0,75,,ALTO,ALTO,"Score=75; nivel=ALTO; factores: vencimiento=13d, valor=21758.0, acción=APPLIED, evidencia=completa, cambio_precio=solicitado, aprobación=sí."
CASE-0466,SKU-7843,Sala 9,41,114,60.31,54.28,10,True,True,PENDING_APPROVAL,True,6875.34,72,,ALTO,ALTO,"Score=72; nivel=ALTO; factores: vencimiento=41d, valor=6875.34, acción=PENDING_APPROVAL, evidencia=completa, cambio_precio=solicitado, aprobación=sí."
CASE-0467,SKU-2786,Sala 10,42,203,176.91,159.22,10,True,True,NONE,True,35912.73,82,vencimiento <=45 días sin acción comercial,ALTO,ALTO,"Score=82; nivel=ALTO; factores: vencimiento=42d, valor=35912.73, acción=NONE, evidencia=completa, cambio_precio=solicitado, aprobación=sí."
CASE-0468,SKU-9829,Sala 8,71,32,75.91,45.55,40,True,False,NONE,True,2429.12,65,cambio de precio no aprobado con impacto >=1000,ALTO,ALTO,"Score=65; nivel=ALTO; factores: vencimiento=71d, valor=2429.12, acción=NONE, evidencia=completa, cambio_precio=solicitado, aprobación=no."
CASE-0469,SKU-6470,Sala 4,44,13,165.35,132.28,20,True,False,NONE,True,2149.55,67,vencimiento <=45 días sin acción comercial; cambio de precio no aprobado con impacto >=1000,ALTO,ALTO,"Score=67; nivel=ALTO; factores: vencimiento=44d, valor=2149.55, acción=NONE, evidencia=completa, cambio_precio=solicitado, aprobación=no."
CASE-0470,SKU-8517,Sala 15,36,220,118.03,82.62,30,True,False,APPLIED,True,25966.6,83,cambio de precio no aprobado con impacto >=1000,ALTO,ALTO,"Score=83; nivel=ALTO; factores: vencimiento=36d, valor=25966.6, acción=APPLIED, evidencia=completa, cambio_precio=solicitado, aprobación=no."
CASE-0471,SKU-1684,Sala 18,26,30,59.78,35.87,40,True,True,APPLIED,False,1793.4,55,vencimiento <=30 días con evidencia incompleta,ALTO,ALTO,"Score=55; nivel=ALTO; factores: vencimiento=26d, valor=1793.4, acción=APPLIED, evidencia=incompleta, cambio_precio=solicitado, aprobación=sí."
CASE-0472,SKU-4549,Sala 18,50,210,155.57,155.57,0,False,False,NONE,True,32669.7,69,,ALTO,ALTO,"Score=69; nivel=ALTO; factores: vencimiento=50d, valor=32669.7, acción=NONE, evidencia=completa, cambio_precio=no solicitado, aprobación=no."
CASE-0473,SKU-2559,Sala 18,7,219,165.14,156.88,5,True,False,PENDING_APPROVAL,False,36165.66,100,cambio de precio no aprobado con impacto >=1000; vencimiento <=30 días con evidencia incompleta,ALTO,ALTO,"Score=100; nivel=ALTO; factores: vencimiento=7d, valor=36165.66, acción=PENDING_APPROVAL, evidencia=incompleta, cambio_precio=solicitado, aprobación=no."
CASE-0474,SKU-5002,Sala 11,21,150,159.22,151.26,5,True,True,APPLIED,True,23883.0,68,,ALTO,ALTO,"Score=68; nivel=ALTO; factores: vencimiento=21d, valor=23883.0, acción=APPLIED, evidencia=completa, cambio_precio=solicitado, aprobación=sí."
CASE-0475,SKU-7409,Sala 13,13,169,174.81,174.81,0,False,False,APPLIED,True,29542.89,70,,ALTO,ALTO,"Score=70; nivel=ALTO; factores: vencimiento=13d, valor=29542.89, acción=APPLIED, evidencia=completa, cambio_precio=no solicitado, aprobación=no."
CASE-0476,SKU-3896,Sala 15,4,47,164.51,164.51,0,False,False,PENDING_APPROVAL,False,7731.97,85,vencimiento <=30 días con evidencia incompleta,ALTO,ALTO,"Score=85; nivel=ALTO; factores: vencimiento=4d, valor=7731.97, acción=PENDING_APPROVAL, evidencia=incompleta, cambio_precio=no solicitado, aprobación=no."
CASE-0477,SKU-4021,Sala 18,50,58,10.15,10.15,0,False,False,PENDING_APPROVAL,True,588.7,35,,MEDIO,MEDIO,"Score=35; nivel=MEDIO; factores: vencimiento=50d, valor=588.7, acción=PENDING_APPROVAL, evidencia=completa, cambio_precio=no solicitado, aprobación=no."
CASE-0478,SKU-1519,Sala 7,21,61,132.85,132.85,0,False,False,APPLIED,True,8103.85,53,,MEDIO,MEDIO,"Score=53; nivel=MEDIO; factores: vencimiento=21d, valor=8103.85, acción=APPLIED, evidencia=completa, cambio_precio=no solicitado, aprobación=no."
CASE-0479,SKU-2948,Sala 13,14,173,171.24,171.24,0,False,False,PENDING_APPROVAL,True,29624.52,85,,ALTO,ALTO,"Score=85; nivel=ALTO; factores: vencimiento=14d, valor=29624.52, acción=PENDING_APPROVAL, evidencia=completa, cambio_precio=no solicitado, aprobación=no."
CASE-0480,SKU-7369,Sala 17,113,85,123.88,123.88,0,False,False,APPLIED,True,10529.8,30,,MEDIO,BAJO,"Score=30; nivel=BAJO; factores: vencimiento=113d, valor=10529.8, acción=APPLIED, evidencia=completa, cambio_precio=no solicitado, aprobación=no."
CASE-0481,SKU-2266,Sala 18,16,114,51.69,38.77,25,True,False,NONE,True,5892.66,96,vencimiento <=45 días sin acción comercial; cambio de precio no aprobado con impacto >=1000,ALTO,ALTO,"Score=96; nivel=ALTO; factores: vencimiento=16d, valor=5892.66, acción=NONE, evidencia=completa, cambio_precio=solicitado, aprobación=no."
CASE-0482,SKU-9197,Sala 17,26,191,119.0,101.15,15,True,True,PENDING_APPROVAL,True,22729.0,83,,ALTO,ALTO,"Score=83; nivel=ALTO; factores: vencimiento=26d, valor=22729.0, acción=PENDING_APPROVAL, evidencia=completa, cambio_precio=solicitado, aprobación=sí."
CASE-0483,SKU-5337,Sala 3,72,153,143.85,136.66,5,True,False,PENDING_APPROVAL,True,22009.05,75,cambio de precio no aprobado con impacto >=1000,ALTO,ALTO,"Score=75; nivel=ALTO; factores: vencimiento=72d, valor=22009.05, acción=PENDING_APPROVAL, evidencia=completa, cambio_precio=solicitado, aprobación=no."
CASE-0484,SKU-8012,Sala 10,25,92,39.78,39.78,0,False,False,PENDING_APPROVAL,True,3659.76,66,,ALTO,ALTO,"Score=66; nivel=ALTO; factores: vencimiento=25d, valor=3659.76, acción=PENDING_APPROVAL, evidencia=completa, cambio_precio=no solicitado, aprobación=no."
CASE-0485,SKU-6218,Sala 8,36,93,175.43,175.43,0,False,False,APPLIED,True,16314.99,52,,MEDIO,MEDIO,"Score=52; nivel=MEDIO; factores: vencimiento=36d, valor=16314.99, acción=APPLIED, evidencia=completa, cambio_precio=no solicitado, aprobación=no."
CASE-0486,SKU-9371,Sala 3,20,191,116.99,116.99,0,False,False,PENDING_APPROVAL,True,22345.09,78,,ALTO,ALTO,"Score=78; nivel=ALTO; factores: vencimiento=20d, valor=22345.09, acción=PENDING_APPROVAL, evidencia=completa, cambio_precio=no solicitado, aprobación=no."
CASE-0487,SKU-8139,Sala 2,49,145,12.38,12.38,0,False,False,APPLIED,True,1795.1,31,,MEDIO,MEDIO,"Score=31; nivel=MEDIO; factores: vencimiento=49d, valor=1795.1, acción=APPLIED, evidencia=completa, cambio_precio=no solicitado, aprobación=no."
CASE-0488,SKU-8408,Sala 8,24,78,69.65,69.65,0,False,False,NONE,True,5432.7,78,vencimiento <=45 días sin acción comercial,ALTO,ALTO,"Score=78; nivel=ALTO; factores: vencimiento=24d, valor=5432.7, acción=NONE, evidencia=completa, cambio_precio=no solicitado, aprobación=no."
CASE-0489,SKU-4485,Sala 2,11,95,8.35,8.35,0,False,False,APPLIED,True,793.25,46,,MEDIO,MEDIO,"Score=46; nivel=MEDIO; factores: vencimiento=11d, valor=793.25, acción=APPLIED, evidencia=completa, cambio_precio=no solicitado, aprobación=no."
CASE-0490,SKU-2745,Sala 4,39,106,95.54,95.54,0,False,False,PENDING_APPROVAL,True,10127.24,67,,ALTO,ALTO,"Score=67; nivel=ALTO; factores: vencimiento=39d, valor=10127.24, acción=PENDING_APPROVAL, evidencia=completa, cambio_precio=no solicitado, aprobación=no."
CASE-0491,SKU-3366,Sala 11,63,163,104.59,83.67,20,True,True,NONE,False,17048.17,77,,ALTO,ALTO,"Score=77; nivel=ALTO; factores: vencimiento=63d, valor=17048.17, acción=NONE, evidencia=incompleta, cambio_precio=solicitado, aprobación=sí."
CASE-0492,SKU-3312,Sala 1,30,211,37.23,33.51,10,True,True,APPLIED,True,7855.53,68,,ALTO,ALTO,"Score=68; nivel=ALTO; factores: vencimiento=30d, valor=7855.53, acción=APPLIED, evidencia=completa, cambio_precio=solicitado, aprobación=sí."
CASE-0493,SKU-4933,Sala 10,36,36,8.39,7.55,10,True,True,APPLIED,True,302.04,27,,BAJO,BAJO,"Score=27; nivel=BAJO; factores: vencimiento=36d, valor=302.04, acción=APPLIED, evidencia=completa, cambio_precio=solicitado, aprobación=sí."
CASE-0494,SKU-8181,Sala 1,57,8,148.29,88.97,40,True,False,APPLIED,False,1186.32,57,cambio de precio no aprobado con impacto >=1000,ALTO,ALTO,"Score=57; nivel=ALTO; factores: vencimiento=57d, valor=1186.32, acción=APPLIED, evidencia=incompleta, cambio_precio=solicitado, aprobación=no."
CASE-0495,SKU-5200,Sala 3,11,24,51.37,33.39,35,True,True,NONE,True,1232.88,67,vencimiento <=45 días sin acción comercial,ALTO,ALTO,"Score=67; nivel=ALTO; factores: vencimiento=11d, valor=1232.88, acción=NONE, evidencia=completa, cambio_precio=solicitado, aprobación=sí."
CASE-0496,SKU-8445,Sala 6,78,105,142.45,135.33,5,True,True,APPLIED,False,14957.25,52,,MEDIO,MEDIO,"Score=52; nivel=MEDIO; factores: vencimiento=78d, valor=14957.25, acción=APPLIED, evidencia=incompleta, cambio_precio=solicitado, aprobación=sí."
CASE-0497,SKU-6078,Sala 13,42,149,26.05,15.63,40,True,False,APPLIED,True,3881.45,71,cambio de precio no aprobado con impacto >=1000,ALTO,ALTO,"Score=71; nivel=ALTO; factores: vencimiento=42d, valor=3881.45, acción=APPLIED, evidencia=completa, cambio_precio=solicitado, aprobación=no."
CASE-0498,SKU-6867,Sala 3,107,10,121.85,121.85,0,False,False,NONE,False,1218.5,37,,MEDIO,MEDIO,"Score=37; nivel=MEDIO; factores: vencimiento=107d, valor=1218.5, acción=NONE, evidencia=incompleta, cambio_precio=no solicitado, aprobación=no."
CASE-0499,SKU-5785,Sala 10,13,159,123.19,123.19,0,False,False,NONE,True,19587.21,90,vencimiento <=45 días sin acción comercial,ALTO,ALTO,"Score=90; nivel=ALTO; factores: vencimiento=13d, valor=19587.21, acción=NONE, evidencia=completa, cambio_precio=no solicitado, aprobación=no."
CASE-0500,SKU-8843,Sala 9,24,24,116.62,87.47,25,True,True,APPLIED,True,2798.88,46,,MEDIO,MEDIO,"Score=46; nivel=MEDIO; factores: vencimiento=24d, valor=2798.88, acción=APPLIED, evidencia=completa, cambio_precio=solicitado, aprobación=sí."
